-- MySQL dump 10.13  Distrib 8.0.34, for Win64 (x86_64)
--
-- Host: localhost    Database: egu_store
-- ------------------------------------------------------
-- Server version	8.0.34

/*!40101 SET @OLD_CHARACTER_SET_CLIENT=@@CHARACTER_SET_CLIENT */;
/*!40101 SET @OLD_CHARACTER_SET_RESULTS=@@CHARACTER_SET_RESULTS */;
/*!40101 SET @OLD_COLLATION_CONNECTION=@@COLLATION_CONNECTION */;
/*!50503 SET NAMES utf8 */;
/*!40103 SET @OLD_TIME_ZONE=@@TIME_ZONE */;
/*!40103 SET TIME_ZONE='+00:00' */;
/*!40014 SET @OLD_UNIQUE_CHECKS=@@UNIQUE_CHECKS, UNIQUE_CHECKS=0 */;
/*!40014 SET @OLD_FOREIGN_KEY_CHECKS=@@FOREIGN_KEY_CHECKS, FOREIGN_KEY_CHECKS=0 */;
/*!40101 SET @OLD_SQL_MODE=@@SQL_MODE, SQL_MODE='NO_AUTO_VALUE_ON_ZERO' */;
/*!40111 SET @OLD_SQL_NOTES=@@SQL_NOTES, SQL_NOTES=0 */;

--
-- Table structure for table `brands`
--

DROP TABLE IF EXISTS `brands`;
/*!40101 SET @saved_cs_client     = @@character_set_client */;
/*!50503 SET character_set_client = utf8mb4 */;
CREATE TABLE `brands` (
  `id` int NOT NULL AUTO_INCREMENT,
  `name` varchar(100) DEFAULT NULL,
  PRIMARY KEY (`id`)
) ENGINE=InnoDB AUTO_INCREMENT=19 DEFAULT CHARSET=utf8mb4 COLLATE=utf8mb4_0900_ai_ci;
/*!40101 SET character_set_client = @saved_cs_client */;

--
-- Dumping data for table `brands`
--

LOCK TABLES `brands` WRITE;
/*!40000 ALTER TABLE `brands` DISABLE KEYS */;
INSERT INTO `brands` VALUES (1,'Apple'),(2,'Samsung'),(3,'Xiaomi'),(4,'Oppo'),(5,'MSI'),(6,'ASUS'),(7,'Lenovo'),(17,'HP');
/*!40000 ALTER TABLE `brands` ENABLE KEYS */;
UNLOCK TABLES;

--
-- Table structure for table `categories`
--

DROP TABLE IF EXISTS `categories`;
/*!40101 SET @saved_cs_client     = @@character_set_client */;
/*!50503 SET character_set_client = utf8mb4 */;
CREATE TABLE `categories` (
  `id` int NOT NULL AUTO_INCREMENT,
  `name` varchar(255) DEFAULT NULL,
  `thumbnail` varchar(255) DEFAULT NULL,
  `create_date` datetime DEFAULT NULL,
  `update_date` datetime DEFAULT NULL,
  `status` enum('ACTIVE','INACTIVE') DEFAULT NULL,
  PRIMARY KEY (`id`)
) ENGINE=InnoDB AUTO_INCREMENT=28 DEFAULT CHARSET=utf8mb4 COLLATE=utf8mb4_0900_ai_ci;
/*!40101 SET character_set_client = @saved_cs_client */;

--
-- Dumping data for table `categories`
--

LOCK TABLES `categories` WRITE;
/*!40000 ALTER TABLE `categories` DISABLE KEYS */;
INSERT INTO `categories` VALUES (1,'Điện Thoại','https://drive.google.com/uc?id=18eSOsLecnnMokaCI7BS2XVwUJtH6L-oO&export=view',NULL,'2023-12-20 01:58:57','ACTIVE'),(2,'Laptop','https://drive.google.com/uc?id=17YZ5XdsrC_qFQjp8WB4cT9JMALMOroyO&export=view',NULL,'2023-12-20 01:59:24','ACTIVE'),(3,'Ipad','https://drive.google.com/uc?id=1iJpQJuuopd5ku0RIwFUknc_TLQdRLR8P&export=view',NULL,'2023-12-20 01:59:43','ACTIVE'),(4,'Đồng Hồ','https://drive.google.com/uc?id=1S6Hj6anNU4XFak6k-jATeszN_M-IDKR3&export=view',NULL,'2023-12-20 02:00:00','INACTIVE'),(5,'Phụ Kiện','https://drive.google.com/uc?id=1uV80sG-FBweNRMx4OcfpbdjlD97x7uQo&export=view',NULL,'2023-12-20 02:00:11','INACTIVE'),(22,'Speaker','https://drive.google.com/uc?id=19vuh_BuLWYpC6iIWttNB4CPiQVUzjb8a&export=view',NULL,'2023-12-20 05:04:27','ACTIVE'),(23,'Headphone','https://drive.google.com/uc?id=1YR0MGORenFNmCkid_oS6m_l8p326pU_a&export=view',NULL,'2023-12-20 05:04:41','ACTIVE'),(24,'Máy Ảnh','https://drive.google.com/uc?id=18UuEsw5PROI-Iopr4U7-tTdza7ZdiJAK&export=view',NULL,'2023-12-20 05:04:52','ACTIVE');
/*!40000 ALTER TABLE `categories` ENABLE KEYS */;
UNLOCK TABLES;

--
-- Table structure for table `customers`
--

DROP TABLE IF EXISTS `customers`;
/*!40101 SET @saved_cs_client     = @@character_set_client */;
/*!50503 SET character_set_client = utf8mb4 */;
CREATE TABLE `customers` (
  `id` int NOT NULL AUTO_INCREMENT,
  `first_name` varchar(255) DEFAULT NULL,
  `last_name` varchar(255) DEFAULT NULL,
  `date_of_birth` datetime DEFAULT NULL,
  `email` varchar(255) DEFAULT NULL,
  `phone_number` varchar(255) DEFAULT NULL,
  `password` varchar(255) DEFAULT NULL,
  `create_date` datetime DEFAULT NULL,
  `status` enum('ACTIVE','LOCKED') DEFAULT NULL,
  `facebook_id` varchar(255) DEFAULT NULL,
  `google_id` varchar(255) DEFAULT NULL,
  `reset_password_token` varchar(255) DEFAULT NULL,
  `role_id` int DEFAULT NULL,
  PRIMARY KEY (`id`)
) ENGINE=InnoDB AUTO_INCREMENT=61 DEFAULT CHARSET=utf8mb4 COLLATE=utf8mb4_0900_ai_ci;
/*!40101 SET character_set_client = @saved_cs_client */;

--
-- Dumping data for table `customers`
--

LOCK TABLES `customers` WRITE;
/*!40000 ALTER TABLE `customers` DISABLE KEYS */;
INSERT INTO `customers` VALUES (31,'Admin','App','2003-01-01 00:00:00','admin@gmail.com','0123456789','$2a$10$RzIZNbbPSpCdFitPWHaCFu1hSZvIDJGdllJ0Q7PDW79ENqS4xW19O','2023-03-18 09:46:00','ACTIVE',NULL,NULL,NULL,1),(32,'Trần','Khánh Duy','2003-01-01 00:00:00','khanhduy0101@gmail.com','0978462246','$2a$10$SHr40XcGcaquxX7TTs95TuZlqneR.JnRMPvsp4gAfikoyr8UuoO.i','2022-08-08 00:00:00','ACTIVE',NULL,NULL,NULL,1),(33,'Tăng','Gia Huy','2003-01-08 00:00:00','tangh0801@gmail.com','0987955247','$2a$10$QpkSZBbZcocPT9L.p5PVSurYSPHWaYA/Ee4EOXm14K5Yi3kL0aUZC','2022-10-15 00:00:00','ACTIVE',NULL,NULL,NULL,1),(34,'Phạm','Thanh Duy','1995-01-15 00:00:00','phamduy1501@gmail.com','0982364747','$2a$10$Xjhknt1Dp9Dd40e4fWjoAOCZVSLgnjARs.od8b1B.jj.TD9z0xoz.','2022-11-21 00:00:00','ACTIVE',NULL,NULL,NULL,1),(35,'Nguyễn','Văn Hảo','2003-04-24 00:00:00','vanhao992@gmail.com','0936455795','$2a$10$fqQrjwxeSUrBYQu9XaYsVuF3LOozntJeBWzQ1DoQBS8dMvCcWBDpK','2022-10-15 09:46:00','ACTIVE',NULL,NULL,NULL,1),(36,'Nguyễn','Đào Anh Đạt','2003-09-22 00:00:00','nanhdat992@gmail.com','0987075047','$2a$10$ZRPwUZQyxC/DhqNhrB206umV.Daw4YxSAuAIGAFZDS2gXAqnC/JJi','2022-04-23 00:00:00','ACTIVE',NULL,NULL,NULL,1),(37,'Tạ','Minh Luân','2003-11-12 00:00:00','tluan4979@gmail.com','0987775010','$2a$10$bHCr1KjlbXAdTF05Cl11uumThjqKnZpVSt3FFOQZxHShb7o5vVMRm','2022-02-12 00:00:00','ACTIVE',NULL,NULL,NULL,1),(38,'Vũ','Thành Đạt','2003-11-10 00:00:00','vdat2304@gmail.com','0983707847','$2a$10$vZzLpv7I17xMv6nGCOKGse64ROceNhMSYqxaR19.pAXc0qLnsNOCC','2022-01-03 00:00:00','ACTIVE',NULL,NULL,NULL,3),(39,'Hoàng','Văn Vũ','2003-11-12 00:00:00','vhvan0909@gmail.com','0987075047','$2a$10$f9SRSmlA6kJHJUZ9uM2xWuIg.Q.tHZlpbuUv6x4CLiod3BAnLqf3W','2022-03-05 00:00:00','ACTIVE',NULL,NULL,NULL,3),(40,'Trần','Minh Anh','2003-12-15 00:00:00','minhanh624@gmail.com','0985828247','$2a$10$2rZ12UqpWyIJt9aCM3tpVetheM8hetUhNo7Of/I.Zi6UO46Gd66ci','2022-05-01 00:00:00','LOCKED',NULL,NULL,NULL,3),(41,'Cáp','Hữu Diệu','2003-07-01 00:00:00','dieuch999@gmail.com','0981524370','$2a$10$xN7/ipjPWxntVlK6KGUUheqDFyCNovuyt2Vt28ZWrFpaP3v5wBfba','2022-07-23 00:00:00','ACTIVE',NULL,NULL,NULL,3),(42,'Vũ','Thanh Tường','2003-09-22 00:00:00','vttuong0006@gmail.com','0988100247','$2a$10$pRs9gQGgpDuqdhUeYfZFJek5pTQf5cGs2wKhhYVQp9jMr1ysAetOC','2022-05-26 00:00:00','ACTIVE',NULL,NULL,NULL,3),(43,'Trần','Minh Thành','2003-11-01 00:00:00','vttuong00086@gmail.com','0987775010','$2a$10$nM8SnWw9hxOiTBQbwEwfC.HEPUccDOCfmBU8J4BnNj/LEimxMPHEe','2022-10-15 00:00:00','LOCKED',NULL,NULL,NULL,3),(44,'Trần','Anh Tài','2003-06-13 00:00:00','trantai0613@gmail.com','0987723780','$2a$10$ir0aEOgsCLbej45SXBZvZutWE1S8UDHpxEsI7NOOGfygbmP1CIjR.','2022-10-12 00:00:00','ACTIVE',NULL,NULL,NULL,3),(45,'Trương','Tuấn Kiệt','2003-07-09 00:00:00','trkiet0823@gmail.com','0965903780','$2a$10$rd99jbVogwbARRVXsk8MNuveA0VKWPf4uAc0OU.UY0/gS3Hxv1g3W','2022-05-05 00:00:00','ACTIVE',NULL,NULL,NULL,3),(46,'Võ Nguyễn','Hoàng Anh','2003-10-12 00:00:00','hanh2314@gmail.com','0965903223','$2a$10$R4zW2xtPAyd.eiUgF2e7UecGe2SUMABDe/C2o/xjsAH4SRMkCN4ui','2022-08-23 00:00:00','ACTIVE',NULL,NULL,NULL,3),(47,'Võ','Văn Lộc','2003-04-14 00:00:00','locvjp1132@gmail.com','0965326523','$2a$10$1aVR5cnWklG/BR.VTwjT5.glpsv5o8FAxVYo9MM82NugiA2Jq1JUK','2022-06-15 00:00:00','ACTIVE',NULL,NULL,NULL,3),(48,'Trần','Tuấn Vũ','2003-08-24 00:00:00','tuanvu223@gmail.com','0963226523','$2a$10$4qw7dUoYHWvA4lvd0gtz1uFJTB5ctF3TDrKpVYS4iMsD1ZCGJgCJW','2022-08-15 00:00:00','LOCKED',NULL,NULL,NULL,3),(49,'Nguyễn','Hoàng Anh','2003-12-23 00:00:00','nguyenanh1223@gmail.com','0962312523','$2a$10$/j5pW.M7SzlPgzarQ3deSOTmfn/q1h/5HfH4UKjzVZzrdcX99Q/O2','2022-01-15 00:00:00','LOCKED',NULL,NULL,NULL,3),(50,'Trần','Minh Hoàng','2003-01-26 00:00:00','hoangtran333@gmail.com','0962312756','$2a$10$X0o9V8M0TGq.DbEUiMo.CO5smvw6d6Zl3XTq51As/vaDMW4v.G382','2022-04-17 00:00:00','ACTIVE',NULL,NULL,NULL,3),(51,'Nguyễn','Trọng Phụng','2003-11-23 00:00:00','tp223123@gmail.com','0962312623','$2a$10$iGVQ7LPnxDLQQJ3jeCM9M.RH/mRW9lVP/sK.P3OmD5QGGr90rM3gm','2022-02-28 00:00:00','ACTIVE',NULL,NULL,NULL,3),(52,'Nguyễn','Tiến Quang','2003-04-25 00:00:00','quangtien223@gmail.com','0962124623','$2a$10$x8EoOT9eGEatZQ3JbvGo7e.CaDc2TTXsFGOm1cK.YCyzwHs4itNAK','2022-10-15 00:00:00','ACTIVE',NULL,NULL,NULL,3),(53,'Trần','Trọng Linh','2003-08-01 00:00:00','tronglinh223@gmail.com','0962314523','$2a$10$f55U.d9J8Tzx8dxergSSBef/mGu1yddVS/dcAB8T6IONDMK4YKmR.','2022-10-15 00:00:00','ACTIVE',NULL,NULL,NULL,3),(54,'Trần','Văn Huy','2003-08-08 00:00:00','vanhuy666@gmail.com','0964523523','$2a$10$h4I12mjwJAmrmuHsuoMknu/aqFDv.jOyxSku81/KLMaVGH5l3z3xW','2022-10-28 00:00:00','ACTIVE',NULL,NULL,NULL,3),(55,'Nguyễn','Gia Long','2003-08-21 00:00:00','gialong123@gmail.com','0964363527','$2a$10$PrAbUe9BG7a6Ei3mK8fvS.TkSlWCtpVAl3xgB/dtaGhNtSMQjHB3q','2022-10-25 00:00:00','ACTIVE',NULL,NULL,NULL,3),(56,'Vũ','Minh Long','2003-09-25 00:00:00','minhlong777@gmail.com','0964363214','$2a$10$LGue8Rr2MDeeoo6UhhPqseSGBYoTmNrFhppjuJ9zkgb/OmStaY/hW','2022-11-15 00:00:00','ACTIVE',NULL,NULL,NULL,3),(57,'Vũ','Tiến Luật','2003-03-22 00:00:00','vuluat34@gmail.com','0964562348','$2a$10$iS6q4HqN3CzRjXEY.ICnP.WwpfcVqr5u9ODkKUYeEvIrap2AZSiiq','2022-09-15 00:00:00','LOCKED',NULL,NULL,NULL,3),(58,'Tăng','Thanh Hà','2003-01-01 00:00:00','thanhha334@gmail.com','0944231657','$2a$10$JB3tSB5D9L2glCfrXjSLWOs9Wleeq7NC4HRwBM90wqcxzHmEaAEnm','2022-08-15 00:00:00','LOCKED',NULL,NULL,NULL,3),(59,'Nguyễn','Minh Chấn','2003-07-12 00:00:00','minhc345@gmail.com','0944221890','$2a$10$zm8Ge5vb.tVjaz.ElY.yAeEXn7eXBdC.tPgFSfnVWw3YaTrEru7Iq','2022-10-16 00:00:00','LOCKED',NULL,NULL,NULL,3),(60,'Nguyễn','Hoàng Luân','2003-09-27 00:00:00','nguyenhl0927@gmail.com','0944234564','$2a$10$jhFJYMHNuFAeN/H1W7w43uTAu3x1zzIpwLAuezL1oBB3M1btx3mU6','2022-10-15 00:00:00','LOCKED',NULL,NULL,NULL,3);
/*!40000 ALTER TABLE `customers` ENABLE KEYS */;
UNLOCK TABLES;

--
-- Table structure for table `feedback_products`
--

DROP TABLE IF EXISTS `feedback_products`;
/*!40101 SET @saved_cs_client     = @@character_set_client */;
/*!50503 SET character_set_client = utf8mb4 */;
CREATE TABLE `feedback_products` (
  `id` int NOT NULL AUTO_INCREMENT,
  `name_customer` varchar(255) DEFAULT NULL,
  `comment` varchar(255) DEFAULT NULL,
  `status` varchar(255) DEFAULT NULL,
  `create_date` datetime DEFAULT NULL,
  `update_date` datetime DEFAULT NULL,
  `customer_id` int DEFAULT NULL,
  `product_id` int DEFAULT NULL,
  PRIMARY KEY (`id`),
  KEY `customer_id` (`customer_id`),
  KEY `product_id` (`product_id`),
  CONSTRAINT `feedback_products_ibfk_1` FOREIGN KEY (`customer_id`) REFERENCES `customers` (`id`),
  CONSTRAINT `feedback_products_ibfk_2` FOREIGN KEY (`product_id`) REFERENCES `products` (`id`)
) ENGINE=InnoDB AUTO_INCREMENT=10 DEFAULT CHARSET=utf8mb4 COLLATE=utf8mb4_0900_ai_ci;
/*!40101 SET character_set_client = @saved_cs_client */;

--
-- Dumping data for table `feedback_products`
--

LOCK TABLES `feedback_products` WRITE;
/*!40000 ALTER TABLE `feedback_products` DISABLE KEYS */;
INSERT INTO `feedback_products` VALUES (8,'Hao','sản phẩm tốt','','2023-12-19 14:54:07','2023-12-19 14:54:07',31,1),(9,'a Hao','Sản phẩm này còn không vậy','','2023-12-19 21:23:10','2023-12-19 21:23:10',31,7);
/*!40000 ALTER TABLE `feedback_products` ENABLE KEYS */;
UNLOCK TABLES;

--
-- Table structure for table `images`
--

DROP TABLE IF EXISTS `images`;
/*!40101 SET @saved_cs_client     = @@character_set_client */;
/*!50503 SET character_set_client = utf8mb4 */;
CREATE TABLE `images` (
  `id` int NOT NULL AUTO_INCREMENT,
  `title` varchar(255) DEFAULT NULL,
  `image_url` varchar(255) DEFAULT NULL,
  `status` enum('ACTIVE','INACTIVE') DEFAULT NULL,
  `create_date` datetime DEFAULT NULL,
  `update_date` datetime DEFAULT NULL,
  `product_id` int DEFAULT NULL,
  PRIMARY KEY (`id`),
  KEY `product_id` (`product_id`),
  CONSTRAINT `images_ibfk_1` FOREIGN KEY (`product_id`) REFERENCES `products` (`id`)
) ENGINE=InnoDB AUTO_INCREMENT=362 DEFAULT CHARSET=utf8mb4 COLLATE=utf8mb4_0900_ai_ci;
/*!40101 SET character_set_client = @saved_cs_client */;

--
-- Dumping data for table `images`
--

LOCK TABLES `images` WRITE;
/*!40000 ALTER TABLE `images` DISABLE KEYS */;
INSERT INTO `images` VALUES (5,'iphone-15-pro-max-blue-1.jpg','https://drive.google.com/uc?id=1p1kzp2eIoXtHh-uRBb90Uxd53nx3avpS&export=view','ACTIVE','2023-12-20 00:00:00','2023-12-20 00:00:00',1),(6,'iphone-15-pro-max-blue-2.jpg','https://drive.google.com/uc?id=1z2wT0HnKn6yvZa3_0J8NaYzLb1LO4SlE&export=view','ACTIVE','2023-12-20 00:00:00','2023-12-20 00:00:00',1),(7,'iphone-15-pro-max-blue-3.jpg','https://drive.google.com/uc?id=1bu_GO-yMfKFZLtS8DpYErk5lIERyxSVN&export=view','ACTIVE','2023-12-20 00:00:00','2023-12-20 00:00:00',1),(8,'iphone-15-pro-max-blue-4.jpg','https://drive.google.com/uc?id=1PxA2LPf9NgstN47EFzPlKXs3vJ4foecs&export=view','ACTIVE','2023-12-20 00:00:00','2023-12-20 00:00:00',1),(9,'iphone-15-pro-max-blue-1.jpg','https://drive.google.com/uc?id=1RSUM9x0jOVZJWPpAS2UmkTrUL2eN2YuH&export=view','ACTIVE','2023-12-20 00:00:00','2023-12-20 00:00:00',2),(10,'iphone-15-pro-max-blue-2.jpg','https://drive.google.com/uc?id=1pOzPxUlfRd6SiQ46JL483lTcvmnjJqty&export=view','ACTIVE','2023-12-20 00:00:00','2023-12-20 00:00:00',2),(11,'iphone-15-pro-max-blue-3.jpg','https://drive.google.com/uc?id=1YV97YHRTsBxxdvbzU-5Qpd8qXETSRAYW&export=view','ACTIVE','2023-12-20 00:00:00','2023-12-20 00:00:00',2),(12,'iphone-15-pro-max-blue-4.jpg','https://drive.google.com/uc?id=1emrYem1ML8_ycWhrpXqi_R3-F-e7ke9D&export=view','ACTIVE','2023-12-20 00:00:00','2023-12-20 00:00:00',2),(13,'iphone-15-pro-max-blue-1.jpg','https://drive.google.com/uc?id=15-KvYuhqwSUNBa99qNLObcUA4I2dxLa8&export=view','ACTIVE','2023-12-20 00:00:00','2023-12-20 00:00:00',3),(14,'iphone-15-pro-max-blue-2.jpg','https://drive.google.com/uc?id=1BeIxmPMNDGlAxxHXnueQpfBgD49UIy8M&export=view','ACTIVE','2023-12-20 00:00:00','2023-12-20 00:00:00',3),(15,'iphone-15-pro-max-blue-2.jpg','https://drive.google.com/uc?id=1r2719bdcGigsJ30W5RRaArEKrRUVkN8t&export=view','ACTIVE','2023-12-20 00:00:00','2023-12-20 00:00:00',3),(16,'iphone-15-pro-max-blue-4.jpg','https://drive.google.com/uc?id=1xeeKz4HmFR0InVG98upUdvW1VUgncDXI&export=view','ACTIVE','2023-12-20 00:00:00','2023-12-20 00:00:00',3),(17,'iphone-15-pro-max-blue-1.jpg','https://drive.google.com/uc?id=1hzhtuea-wHXRBmES3-CVlo75R6Hlx8Ko&export=view','ACTIVE','2023-12-20 00:00:00','2023-12-20 00:00:00',4),(18,'iphone-15-pro-max-blue-2.jpg','https://drive.google.com/uc?id=1n1vjdMTV0QUSFWGBwp_gDjhkZ7RZrtQw&export=view','ACTIVE','2023-12-20 00:00:00','2023-12-20 00:00:00',4),(19,'iphone-15-pro-max-blue-3.jpg','https://drive.google.com/uc?id=1VYkcM_dwX3rX7y2BY6c3pXTyCIxVzZxV&export=view','ACTIVE','2023-12-20 00:00:00','2023-12-20 00:00:00',4),(20,'iphone-15-pro-max-blue-4.jpg','https://drive.google.com/uc?id=1tOX7RACMwLB_4zYBSrb_6K2p24_S3hH-&export=view','ACTIVE','2023-12-20 00:00:00','2023-12-20 00:00:00',4),(21,'iphone-15-pro-max-blue-1.jpg','https://drive.google.com/uc?id=1VbY_hfPt__cLoLh7IvGitna4NXYuAB59&export=view','ACTIVE','2023-12-20 00:00:00','2023-12-20 00:00:00',5),(22,'iphone-15-pro-max-blue-2.jpg','https://drive.google.com/uc?id=1QFnsQnZyuJuNvbeqA1jYw3MA_vtPPAbL&export=view','ACTIVE','2023-12-20 00:00:00','2023-12-20 00:00:00',5),(23,'iphone-15-pro-max-blue-3.jpg','https://drive.google.com/uc?id=1HPXH4mKiu-dHTlaEErxpL-HWWM7Q8Ty8&export=view','ACTIVE','2023-12-20 00:00:00','2023-12-20 00:00:00',5),(24,'iphone-15-pro-max-blue-4.jpg','https://drive.google.com/uc?id=1aoek1nEUVzXOWJnGC-HXVxsEJ_DVTgts&export=view','ACTIVE','2023-12-20 00:00:00','2023-12-20 00:00:00',5),(25,'iphone-15-pro-max-blue-1.jpg','https://drive.google.com/uc?id=1E3GXd8XKBIpWdnRQU1W2zM_TSGUW801c&export=view','ACTIVE','2023-12-20 00:00:00','2023-12-20 00:00:00',6),(26,'iphone-15-pro-max-blue-2.jpg','https://drive.google.com/uc?id=1o9jpgV5iLbrurt9uMgqCmMODrEXkv5ch&export=view','ACTIVE','2023-12-20 00:00:00','2023-12-20 00:00:00',6),(27,'iphone-15-pro-max-blue-3.jpg','https://drive.google.com/uc?id=1kzVF3Dyba9Jz98XWj5gmdmov_0J6z-iu&export=view','ACTIVE','2023-12-20 00:00:00','2023-12-20 00:00:00',6),(28,'iphone-15-pro-max-blue-4.jpg','https://drive.google.com/uc?id=1BhX5RcOaK-gHyXkERUErc_R53XiwIeM5&export=view','ACTIVE','2023-12-20 00:00:00','2023-12-20 00:00:00',6),(29,'iphone-15-1-1.jpg','https://drive.google.com/uc?id=1C292htw1tIacFCBkr2YsfzyWR6eQ2yuD&export=view','ACTIVE','2023-12-20 00:00:00','2023-12-20 00:00:00',7),(30,'iphone-15-128gb-den-2.jpg','https://drive.google.com/uc?id=1tIi9Y5DrxnSJw3W_5DweghaJWYZJ-aDO&export=view','ACTIVE','2023-12-20 00:00:00','2023-12-20 00:00:00',7),(31,'iphone-15-128gb-den-3.jpg','https://drive.google.com/uc?id=1fL589dqQfU8QhxSPMJCFuDch7LqohEw2&export=view','ACTIVE','2023-12-20 00:00:00','2023-12-20 00:00:00',7),(32,'iphone-15-1-1.jpg','https://drive.google.com/uc?id=1FQpMRW99mLpRM0V9HIZG8KKTMG9I-YZv&export=view','ACTIVE','2023-12-20 00:00:00','2023-12-20 00:00:00',8),(33,'iphone-15-128gb-den-2.jpg','https://drive.google.com/uc?id=15G2Gj0R3BStmerk3KIO1SKX5J38CrMw1&export=view','ACTIVE','2023-12-20 00:00:00','2023-12-20 00:00:00',8),(34,'iphone-15-128gb-den-3.jpg','https://drive.google.com/uc?id=1eSuHHzATP371lHwPFm53llavp3XpATmT&export=view','ACTIVE','2023-12-20 00:00:00','2023-12-20 00:00:00',8),(35,'iphone-14-pro-max-purple-1.jpg','https://drive.google.com/uc?id=1gfKbCwhQoK7X_koscoomCsPDFGg3Z55_&export=view','ACTIVE','2023-12-20 00:00:00','2023-12-20 00:00:00',9),(36,'iphone-14-pro-max-purple-2.jpg','https://drive.google.com/uc?id=1ta4l6maV2trSBlfL82X0EjLHXC607gwU&export=view','ACTIVE','2023-12-20 00:00:00','2023-12-20 00:00:00',9),(37,'iphone-14-pro-max-purple-3-1.jpg','https://drive.google.com/uc?id=1lRnKJ2zaI5SsU-ZvkTsdYb1fWY_tzMay&export=view','ACTIVE','2023-12-20 00:00:00','2023-12-20 00:00:00',9),(38,'iphone-14-pro-max-purple-4.jpg','https://drive.google.com/uc?id=1DWEma0dZUhgHZv74zxqyGFYUVXoH9XOs&export=view','ACTIVE','2023-12-20 00:00:00','2023-12-20 00:00:00',9),(39,'iphone-14-pro-max-purple-5.jpg','https://drive.google.com/uc?id=1XIs9bDXHkXARaHYrgoeazi8xUai1ybGc&export=view','ACTIVE','2023-12-20 00:00:00','2023-12-20 00:00:00',9),(40,'iphone-14-pro-max-purple-6.jpg','https://drive.google.com/uc?id=1iAJXeve5ErP9WoXOFfEbCnTQQYWJuluG&export=view','ACTIVE','2023-12-20 00:00:00','2023-12-20 00:00:00',9),(41,'iphone-14-pro-max-purple-7.jpg','https://drive.google.com/uc?id=1NlUHx34tgusRgOZW9eip73YtL5e3ZUxc&export=view','ACTIVE','2023-12-20 00:00:00','2023-12-20 00:00:00',9),(42,'iphone-14-pro-max-purple-8.jpg','https://drive.google.com/uc?id=19BNM3L24ihLdNs-pTfp2jMtuEyzuAM8b&export=view','ACTIVE','2023-12-20 00:00:00','2023-12-20 00:00:00',9),(43,'iphone-14-pro-max-purple-1.jpg','https://drive.google.com/uc?id=1HEiphfaIPS0Xlh3A3DxGu-1CYps4I565&export=view','ACTIVE','2023-12-20 00:00:00','2023-12-20 00:00:00',10),(44,'iphone-14-pro-max-purple-2.jpg','https://drive.google.com/uc?id=1dclRQ_Ui1TXzFCEjP2HsiSqe1h1mpknZ&export=view','ACTIVE','2023-12-20 00:00:00','2023-12-20 00:00:00',10),(45,'iphone-14-pro-max-purple-3-1.jpg','https://drive.google.com/uc?id=12oVo93QBnIlNaSk35AJN8XDgylnx9GF-&export=view','ACTIVE','2023-12-20 00:00:00','2023-12-20 00:00:00',10),(46,'iphone-14-pro-max-purple-4.jpg','https://drive.google.com/uc?id=1Ci5FaengKHVLN0f3UWdPywtomnMVBcs8&export=view','ACTIVE','2023-12-20 00:00:00','2023-12-20 00:00:00',10),(47,'iphone-14-pro-max-purple-5.jpg','https://drive.google.com/uc?id=1ssEgGx7813VmJ-EHY_iXxJUDOKlfP3uc&export=view','ACTIVE','2023-12-20 00:00:00','2023-12-20 00:00:00',10),(48,'iphone-14-pro-max-purple-6.jpg','https://drive.google.com/uc?id=1nSiYGtvjbfS_nge8hObBpD8gQkuM1f3h&export=view','ACTIVE','2023-12-20 00:00:00','2023-12-20 00:00:00',10),(49,'iphone-14-pro-max-purple-7.jpg','https://drive.google.com/uc?id=1U686XD76zVDkrhYNmZ-EhCRuiQkdsPbE&export=view','ACTIVE','2023-12-20 00:00:00','2023-12-20 00:00:00',10),(50,'iphone-14-pro-max-purple-8.jpg','https://drive.google.com/uc?id=1nc392ZwTHYhttVI7Ejke0DTUnw2blbOo&export=view','ACTIVE','2023-12-20 00:00:00','2023-12-20 00:00:00',10),(51,'samsung-galaxy-s23-ultra-1-1.jpg','https://drive.google.com/uc?id=1G1OKVG6VVKKB3jGNxU4uO7TfqVFrJtET&export=view','ACTIVE','2023-12-20 00:00:00','2023-12-20 00:00:00',11),(52,'samsung-galaxy-s23-ultra-2-1.jpg','https://drive.google.com/uc?id=1Rgz_GBpnAg63brKAwxz1g03jv73LJ_Hh&export=view','ACTIVE','2023-12-20 00:00:00','2023-12-20 00:00:00',11),(53,'samsung-galaxy-s23-ultra-3-2.jpg','https://drive.google.com/uc?id=1ydW8rNbwyMo88eekVh4nZtv-muWE6O38&export=view','ACTIVE','2023-12-20 00:00:00','2023-12-20 00:00:00',11),(54,'samsung-galaxy-s23-ultra-4-1.jpg','https://drive.google.com/uc?id=1CYCuIzaL29yJuDFW8DZLzoMgRr-z-AJf&export=view','ACTIVE','2023-12-20 00:00:00','2023-12-20 00:00:00',11),(55,'samsung-galaxy-s23-ultra-5-1.jpg','https://drive.google.com/uc?id=17ZuJ1WDAvjzJvyU_Vp23Ztqx253iA8xG&export=view','ACTIVE','2023-12-20 00:00:00','2023-12-20 00:00:00',11),(56,'samsung-galaxy-s23-ultra-6.jpg','https://drive.google.com/uc?id=1Pfv0cAtkroZixAFRxpN3ZRiddlFrajXF&export=view','ACTIVE','2023-12-20 00:00:00','2023-12-20 00:00:00',11),(57,'samsung-galaxy-s23-ultra-7.jpg','https://drive.google.com/uc?id=1H1b5Mknzc5E1xLeecLlMfCxfcdBg-26x&export=view','ACTIVE','2023-12-20 00:00:00','2023-12-20 00:00:00',11),(58,'samsung-galaxy-s23-ultra-8.jpg','https://drive.google.com/uc?id=1uQZLug4GSl2OlT9-k-KsTRcNUXyaFsxV&export=view','ACTIVE','2023-12-20 00:00:00','2023-12-20 00:00:00',11),(59,'samsung-galaxy-s23-ultra-11.jpg','https://drive.google.com/uc?id=1h-cWfl-6cnlbp42fWYi_op8AeiOdbmHC&export=view','ACTIVE','2023-12-20 00:00:00','2023-12-20 00:00:00',11),(60,'samsung-galaxy-s23-ultra-1-1.jpg','https://drive.google.com/uc?id=1D4TOCEJ_kXITDl41m98yEz2dqktBc3o0&export=view','ACTIVE','2023-12-20 00:00:00','2023-12-20 00:00:00',12),(61,'samsung-galaxy-s23-ultra-2-1.jpg','https://drive.google.com/uc?id=1Hgc_QGUh_gn9NBa2t9iHRnMpOxB8dT77&export=view','ACTIVE','2023-12-20 00:00:00','2023-12-20 00:00:00',12),(62,'samsung-galaxy-s23-ultra-3-2.jpg','https://drive.google.com/uc?id=1tfmYqZLAo-QFs6QklGCv_zTV_zXNujw7&export=view','ACTIVE','2023-12-20 00:00:00','2023-12-20 00:00:00',12),(63,'samsung-galaxy-s23-ultra-4-1.jpg','https://drive.google.com/uc?id=1f7P6TyzwgXAV4givcxMC3WF2tIdIOxBY&export=view','ACTIVE','2023-12-20 00:00:00','2023-12-20 00:00:00',12),(64,'samsung-galaxy-s23-ultra-5-1.jpg','https://drive.google.com/uc?id=1QL354jP3oCERN--dWA-skLp5qvBK9Vso&export=view','ACTIVE','2023-12-20 00:00:00','2023-12-20 00:00:00',12),(65,'samsung-galaxy-s23-ultra-6.jpg','https://drive.google.com/uc?id=1YXyoeegs0FTTGDW2LPIJ20jYN-fwBb5N&export=view','ACTIVE','2023-12-20 00:00:00','2023-12-20 00:00:00',12),(66,'samsung-galaxy-s23-ultra-7.jpg','https://drive.google.com/uc?id=1MfGAsAZpF-ngnU34TO_o4XXv8nVkqQAU&export=view','ACTIVE','2023-12-20 00:00:00','2023-12-20 00:00:00',12),(67,'samsung-galaxy-s23-ultra-8.jpg','https://drive.google.com/uc?id=1d_Zt8VcyezohWiMSNUEbcihCqORjPALK&export=view','ACTIVE','2023-12-20 00:00:00','2023-12-20 00:00:00',12),(68,'samsung-galaxy-s23-ultra-11.jpg','https://drive.google.com/uc?id=1FrAktNwxPyWQnsyaXm3s1tGSk0LdvYWJ&export=view','ACTIVE','2023-12-20 00:00:00','2023-12-20 00:00:00',12),(69,'medium_duj1686797516.jpeg','https://drive.google.com/uc?id=1YMvWodNLzJsJn6Ug56ibsxo-RQ5VnR4c&export=view','ACTIVE','2023-12-20 00:00:00','2023-12-20 00:00:00',13),(70,'samsung-galaxy-zflip5-xanh-512gb-1-1.jpg','https://drive.google.com/uc?id=1nRong-CfZ9mHbnaUg6Ev82EekQcVttUJ&export=view','ACTIVE','2023-12-20 00:00:00','2023-12-20 00:00:00',13),(71,'samsung-galaxy-zflip5-xanh-512gb-2.jpg','https://drive.google.com/uc?id=1djtW46-EGb7WMHLuGKxx-wRLYpVA2vUX&export=view','ACTIVE','2023-12-20 00:00:00','2023-12-20 00:00:00',13),(72,'samsung-galaxy-zflip5-xanh-512gb-3.jpg','https://drive.google.com/uc?id=1cXOrY3UCdTg2JAyh5VL7k-Q8u8XUfZji&export=view','ACTIVE','2023-12-20 00:00:00','2023-12-20 00:00:00',13),(73,'samsung-galaxy-zflip5-xanh-512gb-4.jpg','https://drive.google.com/uc?id=1-79N9CyJYRQqmryovDLZyYr6YaDQesVu&export=view','ACTIVE','2023-12-20 00:00:00','2023-12-20 00:00:00',13),(74,'samsung-galaxy-zflip5-xanh-512gb-5.jpg','https://drive.google.com/uc?id=1hdM4Qkh4C3joTPnwGYJKkkOZh7qmmJvN&export=view','ACTIVE','2023-12-20 00:00:00','2023-12-20 00:00:00',13),(75,'samsung-galaxy-zflip5-xanh-512gb-6.jpg','https://drive.google.com/uc?id=1WGSH55nl_kvne6orMXzt_21W_Z7oC_Sr&export=view','ACTIVE','2023-12-20 00:00:00','2023-12-20 00:00:00',13),(76,'samsung-galaxy-zflip5-xanh-512gb-7.jpg','https://drive.google.com/uc?id=1Om2PX77d0WfBQIhHPo9m9rM1EJroLlVE&export=view','ACTIVE','2023-12-20 00:00:00','2023-12-20 00:00:00',13),(77,'samsung-galaxy-zflip5-xanh-512gb-10.jpg','https://drive.google.com/uc?id=1wF9Nk03h93_45un5rTtIouXJrcM5p2CW&export=view','ACTIVE','2023-12-20 00:00:00','2023-12-20 00:00:00',13),(78,'samsung-galaxy-zflip5-xanh-512gb-12.jpg','https://drive.google.com/uc?id=102xY4Z_IVj07liHbCMfkHgTZ-Jk5xTTf&export=view','ACTIVE','2023-12-20 00:00:00','2023-12-20 00:00:00',13),(79,'samsung-galaxy-zfold5-den-1tb-1.jpg','https://drive.google.com/uc?id=1Ao5EejvzAVHuaA3SS0VVrNIPYCYJUeNA&export=view','ACTIVE','2023-12-20 00:00:00','2023-12-20 00:00:00',14),(80,'samsung-galaxy-zfold5-den-1tb-2.jpg','https://drive.google.com/uc?id=1fPk7e6kpEEEBho7QA3s8_zPZM4GRYcmE&export=view','ACTIVE','2023-12-20 00:00:00','2023-12-20 00:00:00',14),(81,'samsung-galaxy-zfold5-den-1tb-3.jpg','https://drive.google.com/uc?id=1KWdyh_wybhtSh3Hg0ZKf55E5JeSIZt2X&export=view','ACTIVE','2023-12-20 00:00:00','2023-12-20 00:00:00',14),(82,'samsung-galaxy-zfold5-den-1tb-4.jpg','https://drive.google.com/uc?id=1iDf10eVVlv7OUzxCa8r4V5LqTsJraFQS&export=view','ACTIVE','2023-12-20 00:00:00','2023-12-20 00:00:00',14),(83,'samsung-galaxy-zfold5-den-1tb-5.jpg','https://drive.google.com/uc?id=1d_Lcb2WHtkyWk8tbiGGuwnCIRKpGHLeR&export=view','ACTIVE','2023-12-20 00:00:00','2023-12-20 00:00:00',14),(84,'samsung-galaxy-zfold5-den-1tb-6.jpg','https://drive.google.com/uc?id=1Xyk7N9azguVWFIUttyovIwGGhKFFhjWa&export=view','ACTIVE','2023-12-20 00:00:00','2023-12-20 00:00:00',14),(85,'samsung-galaxy-zfold5-den-1tb-7.jpg','https://drive.google.com/uc?id=1XzlWFtgYg7IFX0E0d6stz3zIbvU5Y1Db&export=view','ACTIVE','2023-12-20 00:00:00','2023-12-20 00:00:00',14),(86,'samsung-galaxy-zfold5-den-1tb-8.jpg','https://drive.google.com/uc?id=1aGFjAXCw46lpAwEySvHsAYeU3wOasGdz&export=view','ACTIVE','2023-12-20 00:00:00','2023-12-20 00:00:00',14),(87,'samsung-galaxy-zfold5-den-1tb-9.jpg','https://drive.google.com/uc?id=16iZVsSCiwYmk09UdR4UTLHxlZrOsdnlr&export=view','ACTIVE','2023-12-20 00:00:00','2023-12-20 00:00:00',14),(88,'samsung-galaxy-zfold5-den-1tb-10.jpg','https://drive.google.com/uc?id=10aI73SyBG00ReNxmoPqted-5VtPwhLWu&export=view','ACTIVE','2023-12-20 00:00:00','2023-12-20 00:00:00',14),(89,'samsung-galaxy-zfold5-den-1tb-11.jpg','https://drive.google.com/uc?id=1MBKHlBlCXu45LOccd0wMfO406bjTWsLj&export=view','ACTIVE','2023-12-20 00:00:00','2023-12-20 00:00:00',14),(90,'61DVDlj+JUL._AC_UL600_SR600,600_.jpg','https://drive.google.com/uc?id=1eZYTSSCs8aG35L0eRlCUudHDLoNV7jmO&export=view','ACTIVE','2023-12-20 00:00:00','2023-12-20 00:00:00',15),(91,'1685417147720-SSG_M14-5G-BL.jpg','https://drive.google.com/uc?id=1QgoOzvuH7aQx0hJZM-Av5U4T5hg1lvcS&export=view','ACTIVE','2023-12-20 00:00:00','2023-12-20 00:00:00',15),(92,'images.jpg','https://drive.google.com/uc?id=1N9N2_hhJuNYWc7kkRQYmfoynpXedp16z&export=view','ACTIVE','2023-12-20 00:00:00','2023-12-20 00:00:00',15),(93,'medium_oqu1686797512.jpg','https://drive.google.com/uc?id=1D69c91EqzdUAIYLLja0t0L48ojyo0_lN&export=view','ACTIVE','2023-12-20 00:00:00','2023-12-20 00:00:00',15),(94,'samsung-m14-gia-re-4.jpg','https://drive.google.com/uc?id=1kzl6xQBNbgaKCK07dh6Ea9X8uyn7YRWe&export=view','ACTIVE','2023-12-20 00:00:00','2023-12-20 00:00:00',15),(95,'samsung-galaxy-a54-tim-glr-1.jpg','https://drive.google.com/uc?id=1eVmWRh4htdFRU422O8_rRGo3jGN2Bpm2&export=view','ACTIVE','2023-12-20 00:00:00','2023-12-20 00:00:00',16),(96,'samsung-galaxy-a54-tim-glr-2.jpg','https://drive.google.com/uc?id=1MuvkW4aWlIL8KC6sv0CY88YJD9goRCnj&export=view','ACTIVE','2023-12-20 00:00:00','2023-12-20 00:00:00',16),(97,'samsung-galaxy-a54-tim-glr-3.jpg','https://drive.google.com/uc?id=1Jgdx_DvvslAr0GcoPYZK1CVSKv3IoibD&export=view','ACTIVE','2023-12-20 00:00:00','2023-12-20 00:00:00',16),(98,'samsung-galaxy-a54-tim-glr-4.jpg','https://drive.google.com/uc?id=16TmS0CvAJkEvN-Xif_LYO_ZSSZYglDLV&export=view','ACTIVE','2023-12-20 00:00:00','2023-12-20 00:00:00',16),(99,'samsung-galaxy-a54-tim-glr-5.jpg','https://drive.google.com/uc?id=1MIluGa65cqb32iNQnNvQDSygD9TJOmB_&export=view','ACTIVE','2023-12-20 00:00:00','2023-12-20 00:00:00',16),(100,'samsung-galaxy-a54-tim-glr-6.jpg','https://drive.google.com/uc?id=1fMDKy4-e7J8j6ZUKsW-3wQOs2eIiAR9D&export=view','ACTIVE','2023-12-20 00:00:00','2023-12-20 00:00:00',16),(101,'samsung-galaxy-a54-tim-glr-8.jpg','https://drive.google.com/uc?id=1EchYz4yyrHarBBHGhOAPR-DusxLaj2Mx&export=view','ACTIVE','2023-12-20 00:00:00','2023-12-20 00:00:00',16),(102,'samsung-galaxy-a54-tim-glr-10.jpg','https://drive.google.com/uc?id=19vhGNHzys6HcWik-1bpbGqLB9zlhU5Wx&export=view','ACTIVE','2023-12-20 00:00:00','2023-12-20 00:00:00',16),(103,'samsung-galaxy-a34-bac-1.jpg','https://drive.google.com/uc?id=1BjoNCnsnTYEXEyD5LWL0ln9xWUZGnXYK&export=view','ACTIVE','2023-12-20 00:00:00','2023-12-20 00:00:00',17),(104,'samsung-galaxy-a34-bac-2.jpg','https://drive.google.com/uc?id=1D7CH-tKQ9GHMioFzQNR3ety65pfR2jmG&export=view','ACTIVE','2023-12-20 00:00:00','2023-12-20 00:00:00',17),(105,'samsung-galaxy-a34-bac-3.jpg','https://drive.google.com/uc?id=1pab6Ogonc1MExpgUkuW-BKcrpwcggAnW&export=view','ACTIVE','2023-12-20 00:00:00','2023-12-20 00:00:00',17),(106,'samsung-galaxy-a34-bac-4.jpg','https://drive.google.com/uc?id=16GYmp2AD84UoV-gyZqfiOpVuRRsfRh6R&export=view','ACTIVE','2023-12-20 00:00:00','2023-12-20 00:00:00',17),(107,'samsung-galaxy-a34-bac-5.jpg','https://drive.google.com/uc?id=1DGK3aD76878jsdkkheRqFgYF4bKTDiQn&export=view','ACTIVE','2023-12-20 00:00:00','2023-12-20 00:00:00',17),(108,'samsung-galaxy-a34-bac-6.jpg','https://drive.google.com/uc?id=1cwXA3eKKj9j2OYj9Uixl8tmYYqGLJzVM&export=view','ACTIVE','2023-12-20 00:00:00','2023-12-20 00:00:00',17),(109,'samsung-galaxy-a34-bac-8.jpg','https://drive.google.com/uc?id=1fBLi4lnrqeAj6ADs4jCE-KCxlxc69bKM&export=view','ACTIVE','2023-12-20 00:00:00','2023-12-20 00:00:00',17),(110,'samsung-galaxy-a34-bac-10.jpg','https://drive.google.com/uc?id=1FRXbYPUIARmlc2rbmhU80OxCfPCRmQVS&export=view','ACTIVE','2023-12-20 00:00:00','2023-12-20 00:00:00',17),(111,'samsung-galary-a05s-bac-glr-1.jpg','https://drive.google.com/uc?id=1y0YnHez61IBeHsqHMXxY-QxWblBXtvi0&export=view','ACTIVE','2023-12-20 00:00:00','2023-12-20 00:00:00',18),(112,'samsung-galary-a05s-bac-glr-2.jpg','https://drive.google.com/uc?id=1--_JADdxk4UHYnp1njscmczU8s_cTyuY&export=view','ACTIVE','2023-12-20 00:00:00','2023-12-20 00:00:00',18),(113,'samsung-galary-a05s-bac-glr-3.jpg','https://drive.google.com/uc?id=1wINUw7QSAV-3w6ZPQXNg8C44jFIBT_i6&export=view','ACTIVE','2023-12-20 00:00:00','2023-12-20 00:00:00',18),(114,'samsung-galary-a05s-bac-glr-4.jpg','https://drive.google.com/uc?id=1Qz4omP7gFrl2Q31depnlj3BuupK6F5QO&export=view','ACTIVE','2023-12-20 00:00:00','2023-12-20 00:00:00',18),(115,'samsung-galary-a05s-bac-glr-5.jpg','https://drive.google.com/uc?id=1M-NgybpIqVZHGepQK5s88CuxyIsytgzX&export=view','ACTIVE','2023-12-20 00:00:00','2023-12-20 00:00:00',18),(116,'samsung-galary-a05s-bac-glr-6.jpg','https://drive.google.com/uc?id=1Dlg-rITzOnN45IFeWvUpFgqQ6GV7ehzY&export=view','ACTIVE','2023-12-20 00:00:00','2023-12-20 00:00:00',18),(117,'samsung-galary-a05s-bac-glr-8.jpg','https://drive.google.com/uc?id=1qMgALEr7jOL3FTuPTAR9pXEvDciQR3RF&export=view','ACTIVE','2023-12-20 00:00:00','2023-12-20 00:00:00',18),(118,'samsung-galary-a05s-bac-glr-10.jpg','https://drive.google.com/uc?id=1GZBNeqbya4LonQgBSyyGYmbZ-JsD1jTR&export=view','ACTIVE','2023-12-20 00:00:00','2023-12-20 00:00:00',18),(119,'samsung-galaxy-a23-1.jpg','https://drive.google.com/uc?id=1UYNPdYLxXJCEgLjURnFx6zEqzqyIA9IW&export=view','ACTIVE','2023-12-20 00:00:00','2023-12-20 00:00:00',19),(120,'samsung-galaxy-a23-2.jpg','https://drive.google.com/uc?id=1P_HvrEeUy-epv_vrSlYkQ7s-jlWbZyHk&export=view','ACTIVE','2023-12-20 00:00:00','2023-12-20 00:00:00',19),(121,'samsung-galaxy-a23-3.jpg','https://drive.google.com/uc?id=1VqBgoNjoiYvJhEoB6IDzTQNab6GeMIUJ&export=view','ACTIVE','2023-12-20 00:00:00','2023-12-20 00:00:00',19),(122,'samsung-galaxy-a23-4.jpg','https://drive.google.com/uc?id=1vHjGWuoVNjig_A8oRoTfTb6eiwpctLPU&export=view','ACTIVE','2023-12-20 00:00:00','2023-12-20 00:00:00',19),(123,'samsung-galaxy-a23-5.jpg','https://drive.google.com/uc?id=1CGHKZyzQkcWr_FqZpJK_fMHZJnVfFfFy&export=view','ACTIVE','2023-12-20 00:00:00','2023-12-20 00:00:00',19),(124,'samsung-galaxy-a23-6.jpg','https://drive.google.com/uc?id=1b-BwT2bpxwXsaX-aMb41AJDgrFwuPsQ9&export=view','ACTIVE','2023-12-20 00:00:00','2023-12-20 00:00:00',19),(125,'samsung-galaxy-a23-7.jpg','https://drive.google.com/uc?id=1Tw266QRMkiB8tLq7n3qZiVARF1w65lGc&export=view','ACTIVE','2023-12-20 00:00:00','2023-12-20 00:00:00',19),(126,'samsung-galaxy-a23-8.jpg','https://drive.google.com/uc?id=1ZXRxciDl-00KxyzaAbKwtypEUpps2yi7&export=view','ACTIVE','2023-12-20 00:00:00','2023-12-20 00:00:00',19),(127,'samsung-galaxy-a23-10.jpg','https://drive.google.com/uc?id=1eITISQbRiNEq6cXrPzBJxG-AsTY4wQeW&export=view','ACTIVE','2023-12-20 00:00:00','2023-12-20 00:00:00',19),(128,'samsung-galaxy-s21-fe-xanh-1.jpg','https://drive.google.com/uc?id=1dMak--gKU8FifvvwE8-wGcnQ4s4KMsZA&export=view','ACTIVE','2023-12-20 00:00:00','2023-12-20 00:00:00',20),(129,'samsung-galaxy-s21-fe-xanh-2.jpg','https://drive.google.com/uc?id=1Hr_MDHz3muert64oeqSTnDTiLH8s0nwT&export=view','ACTIVE','2023-12-20 00:00:00','2023-12-20 00:00:00',20),(130,'samsung-galaxy-s21-fe-xanh-3.jpg','https://drive.google.com/uc?id=1efvjVAnSfPNfDqxjD1938Pll6Ao0D9wW&export=view','ACTIVE','2023-12-20 00:00:00','2023-12-20 00:00:00',20),(131,'samsung-galaxy-s21-fe-xanh-4.jpg','https://drive.google.com/uc?id=1rj8wdwOmBNgPE_OIix52fy0D6R7KhP5V&export=view','ACTIVE','2023-12-20 00:00:00','2023-12-20 00:00:00',20),(132,'samsung-galaxy-s21-fe-xanh-5.jpg','https://drive.google.com/uc?id=1DwWFHTAZ3FdONfc6e-wd-mjBc3B-FGqI&export=view','ACTIVE','2023-12-20 00:00:00','2023-12-20 00:00:00',20),(133,'samsung-galaxy-s21-fe-xanh-6.jpg','https://drive.google.com/uc?id=1U5YIVvLnrAd8BQhz7f6FJSP9hkwfIYFY&export=view','ACTIVE','2023-12-20 00:00:00','2023-12-20 00:00:00',20),(134,'samsung-galaxy-s21-fe-xanh-8.jpg','https://drive.google.com/uc?id=1IxQIqK_XIAi13qWhcF9oxSbKvgHGOlys&export=view','ACTIVE','2023-12-20 00:00:00','2023-12-20 00:00:00',20),(135,'samsung-galaxy-s21-fe-xanh-10.jpg','https://drive.google.com/uc?id=15klkpgVF0P5DW8n3PRpyUeSKFwlnLGH4&export=view','ACTIVE','2023-12-20 00:00:00','2023-12-20 00:00:00',20),(136,'xiaomi-redmi-note-12s-1-1.jpg','https://drive.google.com/uc?id=1Q6PIVUE36iBHcVZ4py0m-roy7uw7gg9P&export=view','ACTIVE','2023-12-20 00:00:00','2023-12-20 00:00:00',21),(137,'xiaomi-redmi-note-12s-4-1.jpg','https://drive.google.com/uc?id=1_hzWUIzj68PipJLmcjeyaoeiWy36uGl8&export=view','ACTIVE','2023-12-20 00:00:00','2023-12-20 00:00:00',21),(138,'xiaomi-redmi-note-12s-5-1.jpg','https://drive.google.com/uc?id=1ndHbfp9zmNVoxbM0ZDxLCTbtg5jB77nj&export=view','ACTIVE','2023-12-20 00:00:00','2023-12-20 00:00:00',21),(139,'xiaomi-redmi-note-12s-6-1.jpg','https://drive.google.com/uc?id=1hfLfQVX6lAjV4Dwy0YBq1loobDc_OQKw&export=view','ACTIVE','2023-12-20 00:00:00','2023-12-20 00:00:00',21),(140,'xiaomi-redmi-note-12s-7.jpg','https://drive.google.com/uc?id=1A9RYDBd7kc8p2vGUSw5TPpW9OeAZvOiO&export=view','ACTIVE','2023-12-20 00:00:00','2023-12-20 00:00:00',21),(141,'xiaomi-redmi-note-12s-8.jpg','https://drive.google.com/uc?id=1PRiRqL4wOg-aEdYEHFysNm7xANzTdASJ&export=view','ACTIVE','2023-12-20 00:00:00','2023-12-20 00:00:00',21),(142,'xiaomi-redmi-note-12s-9.jpg','https://drive.google.com/uc?id=1noZgakDWWiT-Iy2VAqsG2Bbr0pD-k05h&export=view','ACTIVE','2023-12-20 00:00:00','2023-12-20 00:00:00',21),(143,'xiaomi-redmi-note-12s-10.jpg','https://drive.google.com/uc?id=1w0w6FV6GKUNAW7oljLr_5zrbUIrl0btB&export=view','ACTIVE','2023-12-20 00:00:00','2023-12-20 00:00:00',21),(144,'xiaomi-13-t-den-1.jpg','https://drive.google.com/uc?id=1Z6WO-3MUXuEwiA_MsEA9SykDLTzjWpU2&export=view','ACTIVE','2023-12-20 00:00:00','2023-12-20 00:00:00',22),(145,'xiaomi-13-t-den-2.jpg','https://drive.google.com/uc?id=1MlG7VhvGajHMYxUlBaX3HeCRX7EJTRSh&export=view','ACTIVE','2023-12-20 00:00:00','2023-12-20 00:00:00',22),(146,'xiaomi-13-t-den-3.jpg','https://drive.google.com/uc?id=1HmOh6yQrDIKwz6IAV4CF6e7NiasPRtJZ&export=view','ACTIVE','2023-12-20 00:00:00','2023-12-20 00:00:00',22),(147,'xiaomi-redmi-note-12-pro-den-1.jpg','https://drive.google.com/uc?id=1MgAEPkSw5loaIAdgbfww9hz6iqvu8YpO&export=view','ACTIVE','2023-12-20 00:00:00','2023-12-20 00:00:00',23),(148,'xiaomi-redmi-note-12-pro-den-2.jpg','https://drive.google.com/uc?id=11lIXqYepay2SfJCYWiGjQmeRi9MHKSeh&export=view','ACTIVE','2023-12-20 00:00:00','2023-12-20 00:00:00',23),(149,'xiaomi-redmi-note-12-pro-den-3.jpg','https://drive.google.com/uc?id=1P5E08_IEUOJElL7_qYzOpS9-j1WgTQN7&export=view','ACTIVE','2023-12-20 00:00:00','2023-12-20 00:00:00',23),(150,'2_copy_59_1_1.jpg','https://drive.google.com/uc?id=15DZJvoDHKZDPV9_mjoCBemlV0YEPraDH&export=view','ACTIVE','2023-12-20 00:00:00','2023-12-20 00:00:00',24),(151,'a983cc14-xiaomi-poco-x5-colors.jpg','https://drive.google.com/uc?id=1mk_lyu7zGoctgj9DkadpakkiKA9vYvvK&export=view','ACTIVE','2023-12-20 00:00:00','2023-12-20 00:00:00',24),(152,'images.jpg','https://drive.google.com/uc?id=1Q5mbCgLbCMSTRE4qx8vfnw4XuBDXV770&export=view','ACTIVE','2023-12-20 00:00:00','2023-12-20 00:00:00',24),(153,'poco-x5-pro-8-256gb-ds-5g-black-oem.jpg','https://drive.google.com/uc?id=1xr2ai1I0DNDbXhpw42xcRa8TYb7yfUBR&export=view','ACTIVE','2023-12-20 00:00:00','2023-12-20 00:00:00',24),(154,'Screen-Protector-for-Xiaomi-Poco-X5-03.jpg','https://drive.google.com/uc?id=1Qd2EzDEsjm04AVLk4YNuWlSziury1l_l&export=view','ACTIVE','2023-12-20 00:00:00','2023-12-20 00:00:00',24),(155,'xiaomi-13-xanh-1.jpg','https://drive.google.com/uc?id=15V5DRALSxmg5ld85yZkyXG3JwDI0tcxM&export=view','ACTIVE','2023-12-20 00:00:00','2023-12-20 00:00:00',25),(156,'xiaomi-13-xanh-2.jpg','https://drive.google.com/uc?id=1JbtO62-KjH13uUoNaY4NTWclo_P9AbRi&export=view','ACTIVE','2023-12-20 00:00:00','2023-12-20 00:00:00',25),(157,'xiaomi-13-xanh-3.jpg','https://drive.google.com/uc?id=1nbTFmTU7YYu7IuaEsRyqeg48Qkh_AoXr&export=view','ACTIVE','2023-12-20 00:00:00','2023-12-20 00:00:00',25),(158,'xiaomi-13-xanh-4.jpg','https://drive.google.com/uc?id=1DD1ToTOAiavxGL69cp7XFPCyEE12jkpH&export=view','ACTIVE','2023-12-20 00:00:00','2023-12-20 00:00:00',25),(159,'xiaomi-13-xanh-5.jpg','https://drive.google.com/uc?id=1QPgo1pd_90-kzAj7_iE0PJTfNrGshA2Q&export=view','ACTIVE','2023-12-20 00:00:00','2023-12-20 00:00:00',25),(160,'xiaomi-13-xanh-6.jpg','https://drive.google.com/uc?id=1OLzKqvrixvqZu7eKDS9OZ_p-u7O1CO1t&export=view','ACTIVE','2023-12-20 00:00:00','2023-12-20 00:00:00',25),(161,'xiaomi-13-xanh-8.jpg','https://drive.google.com/uc?id=1qliFL25B6uH_-0e9AG-MYbc51vMl6if6&export=view','ACTIVE','2023-12-20 00:00:00','2023-12-20 00:00:00',25),(162,'xiaomi-13-xanh-10.jpg','https://drive.google.com/uc?id=100fJNS34l6uLSZfIzL7TJpUMU1yodMqO&export=view','ACTIVE','2023-12-20 00:00:00','2023-12-20 00:00:00',25),(163,'oppo-reno10-pro-xam-1-1.jpg','https://drive.google.com/uc?id=1gnCLCt-yeuEjyhmdndxuTER9ZFOzwXdt&export=view','ACTIVE','2023-12-20 00:00:00','2023-12-20 00:00:00',26),(164,'oppo-reno10-pro-xam-4.jpg','https://drive.google.com/uc?id=18Xj3YtV9Vns0f6U15RBnmy9UAyZeXRHc&export=view','ACTIVE','2023-12-20 00:00:00','2023-12-20 00:00:00',26),(165,'oppo-reno10-pro-xam-5.jpg','https://drive.google.com/uc?id=1sKILulvtfznzjeTRzo7PXtVWE4wbHVA_&export=view','ACTIVE','2023-12-20 00:00:00','2023-12-20 00:00:00',26),(166,'oppo-reno10-pro-xam-6.jpg','https://drive.google.com/uc?id=1kTQ8UZJU1ZPJX6XMksLNVQQFMY1n_IHy&export=view','ACTIVE','2023-12-20 00:00:00','2023-12-20 00:00:00',26),(167,'oppo-reno10-pro-xam-7.jpg','https://drive.google.com/uc?id=1B4RH3lrQ9VM97IQgHZvWbC8j25UYcEuc&export=view','ACTIVE','2023-12-20 00:00:00','2023-12-20 00:00:00',26),(168,'oppo-reno10-pro-xam-8.jpg','https://drive.google.com/uc?id=1nZH5T5ybSu8aXVtv2sGCpnpln8V0huLM&export=view','ACTIVE','2023-12-20 00:00:00','2023-12-20 00:00:00',26),(169,'oppo-reno10-pro-xam-9.jpg','https://drive.google.com/uc?id=1uZMYEJqWU3WGsTFowa1ODxMvvk-NxT8N&export=view','ACTIVE','2023-12-20 00:00:00','2023-12-20 00:00:00',26),(170,'oppo-reno10-pro-xam-10.jpg','https://drive.google.com/uc?id=15LLLhIv5rL4D00cGHAlB4L0aYPbncgvF&export=view','ACTIVE','2023-12-20 00:00:00','2023-12-20 00:00:00',26),(171,'oppo-find-n3-den-1-1.jpg','https://drive.google.com/uc?id=1Z0khZ7A1CIdU8juBWM7QLPGb64RD_lNJ&export=view','ACTIVE','2023-12-20 00:00:00','2023-12-20 00:00:00',27),(172,'oppo-find-n3-den-2.jpg','https://drive.google.com/uc?id=1ssYY93e3mUBgCAweik3oVJdfjsbq8RtE&export=view','ACTIVE','2023-12-20 00:00:00','2023-12-20 00:00:00',27),(173,'oppo-find-n3-den-3.jpg','https://drive.google.com/uc?id=1l6L67m7qsilbExY6rLdzkdKELZmudI0C&export=view','ACTIVE','2023-12-20 00:00:00','2023-12-20 00:00:00',27),(174,'oppo-find-n3-den-4.jpg','https://drive.google.com/uc?id=19x__UBIi2BdrIEgg-xRu--07HQkHcxJQ&export=view','ACTIVE','2023-12-20 00:00:00','2023-12-20 00:00:00',27),(175,'oppo-find-n3-den-5.jpg','https://drive.google.com/uc?id=1x_Ekw7ylgNyziTNtNR_Umw60z7woEaOl&export=view','ACTIVE','2023-12-20 00:00:00','2023-12-20 00:00:00',27),(176,'oppo-find-n3-den-6.jpg','https://drive.google.com/uc?id=10c9Wkp9pZTeoeXdVvhBxq2fzfP3sqDbh&export=view','ACTIVE','2023-12-20 00:00:00','2023-12-20 00:00:00',27),(177,'oppo-find-n3-den-7.jpg','https://drive.google.com/uc?id=175m9tkoZ6z5wxABx10SKV-mfmwrmLXH3&export=view','ACTIVE','2023-12-20 00:00:00','2023-12-20 00:00:00',27),(178,'oppo-find-n3-den-8.jpg','https://drive.google.com/uc?id=14l2QXMgmzWWZMxdtov9ZMXdn2jZakl6o&export=view','ACTIVE','2023-12-20 00:00:00','2023-12-20 00:00:00',27),(179,'oppo-find-n3-den-10.jpg','https://drive.google.com/uc?id=1sszgGliJ6IAmi_GcLhKe9GIR_iURHRob&export=view','ACTIVE','2023-12-20 00:00:00','2023-12-20 00:00:00',27),(180,'oppo-find-n3-den-11.jpg','https://drive.google.com/uc?id=1zLoYFlUjL84ABt1AP33jgvsWYJ8nKB0h&export=view','ACTIVE','2023-12-20 00:00:00','2023-12-20 00:00:00',27),(181,'oppo-find-n3-den-13.jpg','https://drive.google.com/uc?id=1hmFzChugoNVnSOCuonVvgLePwbELDDhz&export=view','ACTIVE','2023-12-20 00:00:00','2023-12-20 00:00:00',27),(182,'oppo-find-n3-den-14.jpg','https://drive.google.com/uc?id=1VXGrrOkUjsPvRRlawrGttEjjnygJt56G&export=view','ACTIVE','2023-12-20 00:00:00','2023-12-20 00:00:00',27),(183,'oppo-n2-flip-den-1.jpg','https://drive.google.com/uc?id=1HYKjf7_yeLsVDLoJFByGE4oi32eFnyNn&export=view','ACTIVE','2023-12-20 00:00:00','2023-12-20 00:00:00',28),(184,'oppo-n2-flip-den-2.jpg','https://drive.google.com/uc?id=1seS4iPER0TOmqA1LPB6nmCefTClqzpLt&export=view','ACTIVE','2023-12-20 00:00:00','2023-12-20 00:00:00',28),(185,'oppo-n2-flip-den-3.jpg','https://drive.google.com/uc?id=1U_tjSoBjUtTctRbR1t_7GUm5IG7KTHif&export=view','ACTIVE','2023-12-20 00:00:00','2023-12-20 00:00:00',28),(186,'oppo-n2-flip-den-4.jpg','https://drive.google.com/uc?id=1g2g6lD44ZmBntAhsJIhknG7cfbczXRMQ&export=view','ACTIVE','2023-12-20 00:00:00','2023-12-20 00:00:00',28),(187,'oppo-n2-flip-den-5.jpg','https://drive.google.com/uc?id=1Qou1j6v1d9oNP64cxEAHBEzYLtX4dcuN&export=view','ACTIVE','2023-12-20 00:00:00','2023-12-20 00:00:00',28),(188,'oppo-n2-flip-den-6.jpg','https://drive.google.com/uc?id=1iJi_EqVriwljmLvART10dgFq4tbBafPS&export=view','ACTIVE','2023-12-20 00:00:00','2023-12-20 00:00:00',28),(189,'oppo-n2-flip-den-7.jpg','https://drive.google.com/uc?id=1SbtDLSf0MJCmtnBgazP390w-NrzEKyrD&export=view','ACTIVE','2023-12-20 00:00:00','2023-12-20 00:00:00',28),(190,'oppo-n2-flip-den-7.jpg','https://drive.google.com/uc?id=1OMRekRp6uN3o0SMN3My5LKzC1GXkH3rS&export=view','ACTIVE','2023-12-20 00:00:00','2023-12-20 00:00:00',28),(191,'oppo-n2-flip-den-9.jpg','https://drive.google.com/uc?id=10VPgSB1djWtqE4k6AY-Ltn3M-hjmHN0Y&export=view','ACTIVE','2023-12-20 00:00:00','2023-12-20 00:00:00',28),(192,'oppo-n2-flip-den-10.jpg','https://drive.google.com/uc?id=1Sa9JWWvufQzCepJDI1iEKE9FF8zBSA9R&export=view','ACTIVE','2023-12-20 00:00:00','2023-12-20 00:00:00',28),(193,'oppo-n2-flip-den-12.jpg','https://drive.google.com/uc?id=1s4CPkwxqygSSZbsyTWcVJ_AQGs8Y_8eg&export=view','ACTIVE','2023-12-20 00:00:00','2023-12-20 00:00:00',28),(194,'oppo-reno8-t-5g-den-1.jpg','https://drive.google.com/uc?id=1vP0vSCmuaAMWpWl93ljoM0nBK4OJWvMe&export=view','ACTIVE','2023-12-20 00:00:00','2023-12-20 00:00:00',29),(195,'oppo-reno8-t-5g-den-2.jpg','https://drive.google.com/uc?id=1oHXYvnU7uMviEJKyaxlEa5NxAr4h6hvF&export=view','ACTIVE','2023-12-20 00:00:00','2023-12-20 00:00:00',29),(196,'oppo-reno8-t-5g-den-3.jpg','https://drive.google.com/uc?id=1vAYu8l42XhLNmTtA32FQDKrIzM3L7R-l&export=view','ACTIVE','2023-12-20 00:00:00','2023-12-20 00:00:00',29),(197,'oppo-reno8-t-5g-den-4.jpg','https://drive.google.com/uc?id=17o5Qr_98sUHh3-ws859c07tUzX1TQdcU&export=view','ACTIVE','2023-12-20 00:00:00','2023-12-20 00:00:00',29),(198,'oppo-reno8-t-5g-den-5.jpg','https://drive.google.com/uc?id=17SqQ07AxVCRRAl_pR7z00PNEyfd6FPAe&export=view','ACTIVE','2023-12-20 00:00:00','2023-12-20 00:00:00',29),(199,'oppo-reno8-t-5g-den-6.jpg','https://drive.google.com/uc?id=1N1DihqKVO7sDfV9VdjP_pWeO0IGqzQ49&export=view','ACTIVE','2023-12-20 00:00:00','2023-12-20 00:00:00',29),(200,'oppo-reno8-t-5g-den-7.jpg','https://drive.google.com/uc?id=1OQ78vrEIM-KicVw0ZyYwmV_w4rvc5TZ9&export=view','ACTIVE','2023-12-20 00:00:00','2023-12-20 00:00:00',29),(201,'oppo-reno8-t-5g-den-9.jpg','https://drive.google.com/uc?id=1rFBn1JORCKha9HOLA736QrE_FJqmLsiz&export=view','ACTIVE','2023-12-20 00:00:00','2023-12-20 00:00:00',29),(202,'oppo-reno8-t-5g-den-11.jpg','https://drive.google.com/uc?id=1riZJEPmgiWJgYuk7sW4WhGD0WqFlrrhC&export=view','ACTIVE','2023-12-20 00:00:00','2023-12-20 00:00:00',29),(203,'oppo-a77s-den-1.jpg','https://drive.google.com/uc?id=125Xr0JyBL-RS2AUgvX7-fM-slllZct4n&export=view','ACTIVE','2023-12-20 00:00:00','2023-12-20 00:00:00',30),(204,'oppo-a77s-den-2.jpg','https://drive.google.com/uc?id=14joUpLevxOnuSFMfh852ZfPWzX5x01F3&export=view','ACTIVE','2023-12-20 00:00:00','2023-12-20 00:00:00',30),(205,'oppo-a77s-den-3.jpg','https://drive.google.com/uc?id=18dK9vCdflWrrIWLgM477XETxJu9eMeHp&export=view','ACTIVE','2023-12-20 00:00:00','2023-12-20 00:00:00',30),(206,'oppo-a77s-den-4.jpg','https://drive.google.com/uc?id=1zZmoIDvH6hiQXFjauKCUUSWQlwQOla6R&export=view','ACTIVE','2023-12-20 00:00:00','2023-12-20 00:00:00',30),(207,'oppo-a77s-den-5.jpg','https://drive.google.com/uc?id=1MaHDJS_hLui_PM4kAN6fzDJDJH_fx6Lq&export=view','ACTIVE','2023-12-20 00:00:00','2023-12-20 00:00:00',30),(208,'oppo-a77s-den-6.jpg','https://drive.google.com/uc?id=1eUjADinIIRfMjwvIb6-EWcRprBrJzul0&export=view','ACTIVE','2023-12-20 00:00:00','2023-12-20 00:00:00',30),(209,'oppo-a77s-den-8.jpg','https://drive.google.com/uc?id=1CCT_RRcx3R7jE6VQx7Qb_iyyhPBQspQ2&export=view','ACTIVE','2023-12-20 00:00:00','2023-12-20 00:00:00',30),(210,'oppo-a77s-den-9.jpg','https://drive.google.com/uc?id=1O7xZndMbm9AlFIitK0rwnYHc9SKn8RNf&export=view','ACTIVE','2023-12-20 00:00:00','2023-12-20 00:00:00',30),(211,'oppo-a77s-den-11.jpg','https://drive.google.com/uc?id=1H8do1_U6CO05-zsKGJyy7tz9dRilkQHQ&export=view','ACTIVE','2023-12-20 00:00:00','2023-12-20 00:00:00',30),(212,'1.png','https://drive.google.com/uc?id=1Ok0HkuVEUPozLUsPB-xCmdsGPdG6ZWPf&export=view','ACTIVE','2023-12-20 00:00:00','2023-12-20 00:00:00',31),(213,'2.png','https://drive.google.com/uc?id=1rSXwlxK_rlgin5PsKPD7jVz7uQS1UdI4&export=view','ACTIVE','2023-12-20 00:00:00','2023-12-20 00:00:00',31),(214,'3.png','https://drive.google.com/uc?id=1zCyi2d7KdjDRI6f2v8V577ICVq5EByzY&export=view','ACTIVE','2023-12-20 00:00:00','2023-12-20 00:00:00',31),(215,'4.png','https://drive.google.com/uc?id=138J_gzI4oa9KIpj1aLSHckUkIK39Q1im&export=view','ACTIVE','2023-12-20 00:00:00','2023-12-20 00:00:00',31),(216,'5.png','https://drive.google.com/uc?id=1VIf1R-jWee4F-hfEjiingdlKhyqBn5dN&export=view','ACTIVE','2023-12-20 00:00:00','2023-12-20 00:00:00',31),(217,'GF63_1.png','https://drive.google.com/uc?id=1puHxRVUmWwWyztbasiMM96JYYmfIIUyP&export=view','ACTIVE','2023-12-20 00:00:00','2023-12-20 00:00:00',32),(218,'GF63_2.png','https://drive.google.com/uc?id=1PqsTmbZY9XpXI9LRChHe8e8_aez_HW9l&export=view','ACTIVE','2023-12-20 00:00:00','2023-12-20 00:00:00',32),(219,'GF63_3.png','https://drive.google.com/uc?id=1qRNebUfpt_6KNmP3S8B8M3vXX2quXUoV&export=view','ACTIVE','2023-12-20 00:00:00','2023-12-20 00:00:00',32),(220,'GF63_4.png','https://drive.google.com/uc?id=1HePpvsmos0oGVNfTh25EHxNOM3SrEvrZ&export=view','ACTIVE','2023-12-20 00:00:00','2023-12-20 00:00:00',32),(221,'Modern14_1.png','https://drive.google.com/uc?id=1HPfyvfYy4Bp7nigF2ggUuG9ynrcvQIXj&export=view','ACTIVE','2023-12-20 00:00:00','2023-12-20 00:00:00',33),(222,'Modern14_2.png','https://drive.google.com/uc?id=1viRn1DpzFbH09nDZxkuc1bGsbFdvpbLr&export=view','ACTIVE','2023-12-20 00:00:00','2023-12-20 00:00:00',33),(223,'Modern14_3.png','https://drive.google.com/uc?id=1kGLBBaUJqG_Y9UpFCdJYAP8LdLFHa9lN&export=view','ACTIVE','2023-12-20 00:00:00','2023-12-20 00:00:00',33),(224,'Modern14_4.png','https://drive.google.com/uc?id=1IJlQxBTzDlZN663SAofUUS8J8I6JrmXH&export=view','ACTIVE','2023-12-20 00:00:00','2023-12-20 00:00:00',33),(225,'katana_1.png','https://drive.google.com/uc?id=1DsB2hFo8kRid99rKjp9oVaZiDAhz5sqF&export=view','ACTIVE','2023-12-20 00:00:00','2023-12-20 00:00:00',34),(226,'katana_2.png','https://drive.google.com/uc?id=1lHN40i4mCW2Iml3TJfVSyxyehO6IRbM0&export=view','ACTIVE','2023-12-20 00:00:00','2023-12-20 00:00:00',34),(227,'katana_3.png','https://drive.google.com/uc?id=1q9ZQ1JjrUczMQEPThD3jzlhdFRCDq9Od&export=view','ACTIVE','2023-12-20 00:00:00','2023-12-20 00:00:00',34),(228,'katana_4.png','https://drive.google.com/uc?id=1jG3ZabLJ6zcwGYJleJcEIEXBDSafgZX5&export=view','ACTIVE','2023-12-20 00:00:00','2023-12-20 00:00:00',34),(229,'katana_5.png','https://drive.google.com/uc?id=1Ir7aope95OknZjoHIHXpXJgnxE6Qks90&export=view','ACTIVE','2023-12-20 00:00:00','2023-12-20 00:00:00',34),(230,'katana_6.png','https://drive.google.com/uc?id=10no0RHkUUnUQAZ6ndj1rRCyGxR-ZnMGe&export=view','ACTIVE','2023-12-20 00:00:00','2023-12-20 00:00:00',34),(231,'cyborg15_1.png','https://drive.google.com/uc?id=1DrV12YeSRSyka3I0bO5K5AATWsDdvYdU&export=view','ACTIVE','2023-12-20 00:00:00','2023-12-20 00:00:00',35),(232,'cyborg15_2.png','https://drive.google.com/uc?id=1HJYXSAGEL6h8Z0VWaCjRnfPru1SqNvnl&export=view','ACTIVE','2023-12-20 00:00:00','2023-12-20 00:00:00',35),(233,'cyborg15_3.png','https://drive.google.com/uc?id=1c5qjh1B9PHj6XOpR2RIm1M1x7ktjz-Z6&export=view','ACTIVE','2023-12-20 00:00:00','2023-12-20 00:00:00',35),(234,'cyborg15_4.png','https://drive.google.com/uc?id=1X13moaapq6NFuMhQ1lIPYbmmCnjdYmMx&export=view','ACTIVE','2023-12-20 00:00:00','2023-12-20 00:00:00',35),(235,'cyborg15_5.png','https://drive.google.com/uc?id=1CSxSUEsb9YhiOUiOeGKNvG9xBv7AX5Iz&export=view','ACTIVE','2023-12-20 00:00:00','2023-12-20 00:00:00',35),(236,'cyborg15_6.png','https://drive.google.com/uc?id=1UAGJjp1LeMQ3rPywy8h7TXgOA6TY1DhL&export=view','ACTIVE','2023-12-20 00:00:00','2023-12-20 00:00:00',35),(237,'vivogo14_1.png','https://drive.google.com/uc?id=10y88afL2BxTYaJ3nPgfWvQrXKwcyotxU&export=view','ACTIVE','2023-12-20 00:00:00','2023-12-20 00:00:00',36),(238,'vivogo14_2.png','https://drive.google.com/uc?id=1Z5kjY2atKgQ1knx-5XEZhLu9oRP8Xstv&export=view','ACTIVE','2023-12-20 00:00:00','2023-12-20 00:00:00',36),(239,'vivogo14_3.png','https://drive.google.com/uc?id=1_5EXE6KzyH4We-Fh3aw-C75xHAwCgqO7&export=view','ACTIVE','2023-12-20 00:00:00','2023-12-20 00:00:00',36),(240,'vivogo14_4.png','https://drive.google.com/uc?id=1UpPIaV3oGaApGDdUBS1FKZHNXLX_ufVb&export=view','ACTIVE','2023-12-20 00:00:00','2023-12-20 00:00:00',36),(241,'vivogo14_5.png','https://drive.google.com/uc?id=1t6RPo1dsiiraJqqcu8kPU4OIF-_oHikr&export=view','ACTIVE','2023-12-20 00:00:00','2023-12-20 00:00:00',36),(242,'vivogo14_6.png','https://drive.google.com/uc?id=1OS432pMvsxsh2mfNaKJnytR1-Ls_quFD&export=view','ACTIVE','2023-12-20 00:00:00','2023-12-20 00:00:00',36),(243,'vivogo14_7.png','https://drive.google.com/uc?id=1gtilN7A2ZhZCS5ZcneI_tsaMzi0mzN3D&export=view','ACTIVE','2023-12-20 00:00:00','2023-12-20 00:00:00',36),(244,'vivogo14_8.png','https://drive.google.com/uc?id=1yKk8Jkn41Nvsh4PppsG6R4vWYoQUOdOk&export=view','ACTIVE','2023-12-20 00:00:00','2023-12-20 00:00:00',36),(245,'vivogo14_9.png','https://drive.google.com/uc?id=1tNpvqFZgVjg7PIftNwbDRJQgpkyvjNP2&export=view','ACTIVE','2023-12-20 00:00:00','2023-12-20 00:00:00',36),(246,'asus-tuf-gaming-f15-fx506hf-i5-hn014w-1.jpg','https://drive.google.com/uc?id=1NWo9wr1eCvd14HHvNE-nFGYE2VQUPFjn&export=view','ACTIVE','2023-12-20 00:00:00','2023-12-20 00:00:00',37),(247,'asus-tuf-gaming-f15-fx506hf-i5-hn014w-2.jpg','https://drive.google.com/uc?id=1kmKx6axPK5QPl0KRwKdOMDmFvFY1zQkK&export=view','ACTIVE','2023-12-20 00:00:00','2023-12-20 00:00:00',37),(248,'asus-tuf-gaming-f15-fx506hf-i5-hn014w-3.jpg','https://drive.google.com/uc?id=1H2UeZzUMyOulDwelzQ5uPNAtfQc21RfC&export=view','ACTIVE','2023-12-20 00:00:00','2023-12-20 00:00:00',37),(249,'asus-tuf-gaming-f15-fx506hf-i5-hn014w-4.jpg','https://drive.google.com/uc?id=1YarpN-f4GhfBPxsVhotkUNhn3NI5OOG7&export=view','ACTIVE','2023-12-20 00:00:00','2023-12-20 00:00:00',37),(250,'asus-tuf-gaming-f15-fx506hf-i5-hn014w-5.jpg','https://drive.google.com/uc?id=1lgcPlz7V0-w5YCiuthoJI_3BlrcJnIUm&export=view','ACTIVE','2023-12-20 00:00:00','2023-12-20 00:00:00',37),(251,'asus-tuf-gaming-f15-fx506hf-i5-hn014w-6.jpg','https://drive.google.com/uc?id=1-QB6dxHEGMYopbWh3G7t_GjCxfnU93mD&export=view','ACTIVE','2023-12-20 00:00:00','2023-12-20 00:00:00',37),(252,'asus-tuf-gaming-f15-fx506hf-i5-hn014w-8.jpg','https://drive.google.com/uc?id=12yUdi4JDNdHWmPLCwinU5HR6syzwNUsg&export=view','ACTIVE','2023-12-20 00:00:00','2023-12-20 00:00:00',37),(253,'vn_macbook_pro_m3_silver_pdp_image_position-1_2.png','https://drive.google.com/uc?id=1KooCoTZX5ID9GXuAsUHDHlg9sZ_bgjR0&export=view','ACTIVE','2023-12-20 00:00:00','2023-12-20 00:00:00',38),(254,'vn_macbook_pro_m3_silver_pdp_image_position-2_2.png','https://drive.google.com/uc?id=1FQuwl92EbsVxYuva-tPYPe81zzWOO8bO&export=view','ACTIVE','2023-12-20 00:00:00','2023-12-20 00:00:00',38),(255,'vn_macbook_pro_m3_silver_pdp_image_position-3_2.png','https://drive.google.com/uc?id=169LHqGo8NKei_Sp7LG_zIdL5Hua_Y22N&export=view','ACTIVE','2023-12-20 00:00:00','2023-12-20 00:00:00',38),(256,'vn_macbook_pro_m3_silver_pdp_image_position-5_2.png','https://drive.google.com/uc?id=1-jJ08KjC5ITA6xLzmBh4rd-bVzPrxnga&export=view','ACTIVE','2023-12-20 00:00:00','2023-12-20 00:00:00',38),(257,'vn_macbook_pro_m3_silver_pdp_image_position-6_2.png','https://drive.google.com/uc?id=1eqKHwhArzIIJ3l8wuiun1JHTy6v-HE1Y&export=view','ACTIVE','2023-12-20 00:00:00','2023-12-20 00:00:00',38),(258,'vn_macbook_pro_m3_silver_pdp_image_position-7_2.png','https://drive.google.com/uc?id=1XDy3OuYVeoDxd6isLbK06GvGKfTaH1tS&export=view','ACTIVE','2023-12-20 00:00:00','2023-12-20 00:00:00',38),(259,'vn_macbook_pro_m3_silver_pdp_image_position-8_2.png','https://drive.google.com/uc?id=1Yz2LQwA92E5x_bxgLbuQNNFGqR7KWYti&export=view','ACTIVE','2023-12-20 00:00:00','2023-12-20 00:00:00',38),(260,'(600x600)_macbook_air_m2_15_inch_2023_gold_thumb_600x600_didongmy.png','https://drive.google.com/uc?id=1ZgFAmAlBrLDXd71J4ruPWHNQ6RLiJWML&export=view','ACTIVE','2023-12-20 00:00:00','2023-12-20 00:00:00',39),(261,'text_ng_n_1__2_18_2.png','https://drive.google.com/uc?id=11vj4D1IFFmk3R18_MwXzu7QSVEwVEFdq&export=view','ACTIVE','2023-12-20 00:00:00','2023-12-20 00:00:00',39),(262,'text_ng_n_3__2_12_2.png','https://drive.google.com/uc?id=1ZnETRw507vvJzUdpXgEbExebOWI-Zkoh&export=view','ACTIVE','2023-12-20 00:00:00','2023-12-20 00:00:00',39),(263,'text_ng_n_6__107_2.png','https://drive.google.com/uc?id=1X2TxforadDWG_nAKMoGZvO1hHTP9-8IB&export=view','ACTIVE','2023-12-20 00:00:00','2023-12-20 00:00:00',39),(264,'text_ng_n_7__104_2.png','https://drive.google.com/uc?id=1PJInnfzz-GXc46AfWmAa6LdaCOgt7LK9&export=view','ACTIVE','2023-12-20 00:00:00','2023-12-20 00:00:00',39),(265,'_0000_macbook-air-gallery1-20201110_geo_us.png','https://drive.google.com/uc?id=11FhuMl-_OQ6HtuHwsRNHovnxkTh-_7dg&export=view','ACTIVE','2023-12-20 00:00:00','2023-12-20 00:00:00',40),(266,'_0001_dsc03729_2.png','https://drive.google.com/uc?id=1yV5E9F8kmF80kPy_eMLmZdQS6rrsjxwy&export=view','ACTIVE','2023-12-20 00:00:00','2023-12-20 00:00:00',40),(267,'_0003_dsc03720_2.png','https://drive.google.com/uc?id=1Ynvd8eVYetPgfrgKN-na5_MU65AWfyrg&export=view','ACTIVE','2023-12-20 00:00:00','2023-12-20 00:00:00',40),(268,'_0003_macbook-air-gallery4-20201110.png','https://drive.google.com/uc?id=13SOHbTEV6Cq1LKWbuchrefaBLvzqzDzO&export=view','ACTIVE','2023-12-20 00:00:00','2023-12-20 00:00:00',40),(269,'mac_air_ksp.png','https://drive.google.com/uc?id=1lG9815mdjLxtboPQG2qhphRp6AcsX4RA&export=view','ACTIVE','2023-12-20 00:00:00','2023-12-20 00:00:00',40),(270,'macbook-air-2020-m1_1.png','https://drive.google.com/uc?id=1DOik5kX74wzeVStTBa6IXSem4m4ZS0iN&export=view','ACTIVE','2023-12-20 00:00:00','2023-12-20 00:00:00',40),(271,'macbook-air-2020-m1_2.png','https://drive.google.com/uc?id=1I4_ks02BwLTDESxN_QfS-Yzw8_5YR0q-&export=view','ACTIVE','2023-12-20 00:00:00','2023-12-20 00:00:00',40),(272,'macbookm1.png','https://drive.google.com/uc?id=1g-H38IzuIozUZl_rlJMALfRWhvwzM_QY&export=view','ACTIVE','2023-12-20 00:00:00','2023-12-20 00:00:00',40),(273,'text_d_i_3_5.png','https://drive.google.com/uc?id=1ruG7ul3Ad1q146ra1B2plUFvmI7_kd6B&export=view','ACTIVE','2023-12-20 00:00:00','2023-12-20 00:00:00',41),(274,'text_ng_n_1__3_22.png','https://drive.google.com/uc?id=19aMU2_RRTsbKKkAWzkRkSnuU_gwdZOuy&export=view','ACTIVE','2023-12-20 00:00:00','2023-12-20 00:00:00',41),(275,'text_ng_n_2__4_17.png','https://drive.google.com/uc?id=1zAg4UXZNDdm5OjGVKcnQ9931LorXxLUL&export=view','ACTIVE','2023-12-20 00:00:00','2023-12-20 00:00:00',41),(276,'text_ng_n_3__3_18.png','https://drive.google.com/uc?id=1aI5Wg8CwFLrgCDzmxcQMTPJxErtDfQZb&export=view','ACTIVE','2023-12-20 00:00:00','2023-12-20 00:00:00',41),(277,'text_ng_n_4__4_16.png','https://drive.google.com/uc?id=1HajdD-zxDazBjr_NWgbYQq5AaWB0k2w8&export=view','ACTIVE','2023-12-20 00:00:00','2023-12-20 00:00:00',41),(278,'text_ng_n_5__4_17.png','https://drive.google.com/uc?id=1Z7bnSjpvjOjRt8Kk_5HDQ3s5YkES-1PL&export=view','ACTIVE','2023-12-20 00:00:00','2023-12-20 00:00:00',41),(279,'text_ng_n_6__1_16.png','https://drive.google.com/uc?id=1ZygW9_DF5QJiJmSfkCO7_TMAnSYcVRfh&export=view','ACTIVE','2023-12-20 00:00:00','2023-12-20 00:00:00',41),(280,'text_ng_n_6_25.png','https://drive.google.com/uc?id=16iqP1Xgdk9s-z7s8yCnlZA-VHBsv5HDL&export=view','ACTIVE','2023-12-20 00:00:00','2023-12-20 00:00:00',41),(281,'text_ng_n_7__1_14.png','https://drive.google.com/uc?id=1ZFdgEpJ-J5-JRNcXRYQhWn9Wr7Z1pq-f&export=view','ACTIVE','2023-12-20 00:00:00','2023-12-20 00:00:00',41),(282,'8d792ecb91bcfe3116022ccdac7c0638.png','https://drive.google.com/uc?id=1-T0l_YWKpBNCJI90WB-aYlARzHmQsXjV&export=view','ACTIVE','2023-12-20 00:00:00','2023-12-20 00:00:00',42),(283,'9fbf4bad4c36b7c7c3c603b8e098e77e.png','https://drive.google.com/uc?id=1S7Gjo7_ipSXMD1rg2FiuPBeRILfTAiJI&export=view','ACTIVE','2023-12-20 00:00:00','2023-12-20 00:00:00',42),(284,'ad46b446e7b9596cecaf76ec3adb1a38.png','https://drive.google.com/uc?id=1Kl3Gvcb8p1BaAgfy_AhWoEc2-PAqpP__&export=view','ACTIVE','2023-12-20 00:00:00','2023-12-20 00:00:00',42),(285,'d61de0ea68d6f4d430af48ec611d57e8.png','https://drive.google.com/uc?id=12v_t249AC1drS1us0_QvWB1F7E6556MR&export=view','ACTIVE','2023-12-20 00:00:00','2023-12-20 00:00:00',42),(286,'text_ng_n_3__1_87_1_1_1.png','https://drive.google.com/uc?id=1-_VvO1ZA1zSbNBaW1gLTovNA_T19nD_g&export=view','ACTIVE','2023-12-20 00:00:00','2023-12-20 00:00:00',43),(287,'text_ng_n_3_53_1_1_1.png','https://drive.google.com/uc?id=1xpNwry7ckXH0eZwfyWroAeqsHy8QSjy8&export=view','ACTIVE','2023-12-20 00:00:00','2023-12-20 00:00:00',43),(288,'text_ng_n_4__1_89_1_1_1.png','https://drive.google.com/uc?id=15rgaAbeKDHanNuG_75HjzyT1QpoI2SQT&export=view','ACTIVE','2023-12-20 00:00:00','2023-12-20 00:00:00',43),(289,'text_ng_n_5__1_85_1_1_1.png','https://drive.google.com/uc?id=1DXJO8ozeZtSpSL9OUUT5-z1Nql-BkKm7&export=view','ACTIVE','2023-12-20 00:00:00','2023-12-20 00:00:00',43),(290,'text_ng_n_6__81_1_1_1.png','https://drive.google.com/uc?id=1fG_jPSKed0DXOqLNwoUaNJVTXs2bqTJI&export=view','ACTIVE','2023-12-20 00:00:00','2023-12-20 00:00:00',43),(291,'text_ng_n_10__2_44_1_1_1.png','https://drive.google.com/uc?id=1EuRpNPLXMdKusjhIC2fkbJQ6V-Z772K2&export=view','ACTIVE','2023-12-20 00:00:00','2023-12-20 00:00:00',43),(292,'text_ng_n_12__1_38_1_1_1.png','https://drive.google.com/uc?id=1h5B48CNqyu-S8tTi7hI_dJ-uaYkQNICh&export=view','ACTIVE','2023-12-20 00:00:00','2023-12-20 00:00:00',43),(293,'text_ng_n_19__19.png','https://drive.google.com/uc?id=1WY2K237WCorSWFUe43U9LkkDoHwZUf-s&export=view','ACTIVE','2023-12-20 00:00:00','2023-12-20 00:00:00',43),(294,'cl.png','https://drive.google.com/uc?id=1A5i4oq0Gli6VPjrU6KvdMYHr8F3l5pg0&export=view','ACTIVE','2023-12-20 00:00:00','2023-12-20 00:00:00',44),(295,'macbook-pro-2021-001_3.png','https://drive.google.com/uc?id=1LbmVGrzVPuJomxcnGx5eOkgtAMikKnD9&export=view','ACTIVE','2023-12-20 00:00:00','2023-12-20 00:00:00',44),(296,'macbook-pro-2021-004_3.png','https://drive.google.com/uc?id=1M74tIYBPGvdBH7IfDv8Of8wPS7OIxKV8&export=view','ACTIVE','2023-12-20 00:00:00','2023-12-20 00:00:00',44),(297,'macbook-pro-2021-005_3.png','https://drive.google.com/uc?id=1yCHlQvOLvG7J3e3Vi1H11gBqhfWfY07i&export=view','ACTIVE','2023-12-20 00:00:00','2023-12-20 00:00:00',44),(298,'macbook-pro-2021-05_4_2.png','https://drive.google.com/uc?id=1QNsFrPBDbbKiGk6CKBeJjI40PExB6rVU&export=view','ACTIVE','2023-12-20 00:00:00','2023-12-20 00:00:00',44),(299,'macbook-pro-2021-006_4.png','https://drive.google.com/uc?id=1SuqJEq4-NPgB1qb4w8cio2ZOw-zyjQ5R&export=view','ACTIVE','2023-12-20 00:00:00','2023-12-20 00:00:00',44),(300,'vn_imac_m3_2-ports_blue_pdp_image_position-1.png','https://drive.google.com/uc?id=1dVWo0A-qOJtjaNVDWiQXKJVC-gZwha1X&export=view','ACTIVE','2023-12-20 00:00:00','2023-12-20 00:00:00',45),(301,'vn_imac_m3_2-ports_blue_pdp_image_position-2.png','https://drive.google.com/uc?id=1FkkRQz5L4L37CWNvKtj30Vzm4GuJPzBO&export=view','ACTIVE','2023-12-20 00:00:00','2023-12-20 00:00:00',45),(302,'vn_imac_m3_2-ports_blue_pdp_image_position-3.png','https://drive.google.com/uc?id=1narw_i0Ec2PSwZfu6cJlEYOrYaTkN6Zr&export=view','ACTIVE','2023-12-20 00:00:00','2023-12-20 00:00:00',45),(303,'vn_imac_m3_2-ports_blue_pdp_image_position-4.png','https://drive.google.com/uc?id=1B3ksRiOMhpcW9kbYT9PM738Xzxm-ilTs&export=view','ACTIVE','2023-12-20 00:00:00','2023-12-20 00:00:00',45),(304,'vn_imac_m3_2-ports_blue_pdp_image_position-5.png','https://drive.google.com/uc?id=1qjdZKvHvLwc2eRDr6fILcJOiDGV_qprM&export=view','ACTIVE','2023-12-20 00:00:00','2023-12-20 00:00:00',45),(305,'vn_imac_m3_2-ports_blue_pdp_image_position-6.png','https://drive.google.com/uc?id=1f6SXQbae_VBkYqu7E3oHOym17snVAqbE&export=view','ACTIVE','2023-12-20 00:00:00','2023-12-20 00:00:00',45),(306,'vn_imac_m3_2-ports_blue_pdp_image_position-7.png','https://drive.google.com/uc?id=1xJzrubHwNAHO2AlrN3-zy5gLaf9a05o0&export=view','ACTIVE','2023-12-20 00:00:00','2023-12-20 00:00:00',45),(307,'text_ng_n_1__2_33.png','https://drive.google.com/uc?id=1GyPPFdtTedQqnwrtX_FrPSnpgd3TBDtR&export=view','ACTIVE','2023-12-20 00:00:00','2023-12-20 00:00:00',46),(308,'text_ng_n_2__3_28.png','https://drive.google.com/uc?id=1-ioznEQoHhufyQTZRizQQEVoheedout6&export=view','ACTIVE','2023-12-20 00:00:00','2023-12-20 00:00:00',46),(309,'text_ng_n_5__3_21.png','https://drive.google.com/uc?id=1orrE99ol1c4zKUyOfVzXtf455HT9pNdL&export=view','ACTIVE','2023-12-20 00:00:00','2023-12-20 00:00:00',46),(310,'text_ng_n_7__119.png','https://drive.google.com/uc?id=1Zhv4vPYhXl6ZuzLZOtU8K-DWv87ejsyU&export=view','ACTIVE','2023-12-20 00:00:00','2023-12-20 00:00:00',46),(311,'text_ng_n_8__1_91.png','https://drive.google.com/uc?id=1KSz3nGOeejQaH6tgMY2vk5457Qss9Td3&export=view','ACTIVE','2023-12-20 00:00:00','2023-12-20 00:00:00',46),(312,'text_ng_n_10__2_82.png','https://drive.google.com/uc?id=1OGAcRUQ1FQFwqlS4TWgI-mz9FsLDS6IV&export=view','ACTIVE','2023-12-20 00:00:00','2023-12-20 00:00:00',46),(313,'download_1__12_3.png','https://drive.google.com/uc?id=1M7heLMOFpzo-6j5l58k8-R7TDW3-bTmt&export=view','ACTIVE','2023-12-20 00:00:00','2023-12-20 00:00:00',47),(314,'download_2__9.png','https://drive.google.com/uc?id=1IIxoTHXDFZcs7JC5xDD7mHHDFiRdbzky&export=view','ACTIVE','2023-12-20 00:00:00','2023-12-20 00:00:00',47),(315,'download_3__9.png','https://drive.google.com/uc?id=1fAHEeLuf1P4S8KmA_0oXse6zi--mcG-h&export=view','ACTIVE','2023-12-20 00:00:00','2023-12-20 00:00:00',47),(316,'download_4__10.png','https://drive.google.com/uc?id=18A9HctHMWuRLnhWIsp66zDGFPY6n7X6x&export=view','ACTIVE','2023-12-20 00:00:00','2023-12-20 00:00:00',47),(317,'download_23_1.png','https://drive.google.com/uc?id=1q8a82wUh7SHSnkkdjZQ2eB-2RjmKu9GC&export=view','ACTIVE','2023-12-20 00:00:00','2023-12-20 00:00:00',47),(318,'lenovo_ideapad_gaming.png','https://drive.google.com/uc?id=11aXC8TJokYEFnadr2U_evEKh1iSwnVOy&export=view','ACTIVE','2023-12-20 00:00:00','2023-12-20 00:00:00',47),(319,'14_2_125.png','https://drive.google.com/uc?id=1oVa7jk4uV_QT_c6vdJFYMvnAuTdXPIjV&export=view','ACTIVE','2023-12-20 00:00:00','2023-12-20 00:00:00',48),(320,'40_1_38.png','https://drive.google.com/uc?id=1tsfrWZFDkVDQwMWoqn8NbzxDjiZyj8cm&export=view','ACTIVE','2023-12-20 00:00:00','2023-12-20 00:00:00',48),(321,'43_1_37.png','https://drive.google.com/uc?id=1yzUSFw4Ng5BwYMUZb84cE6TYycPOxdDn&export=view','ACTIVE','2023-12-20 00:00:00','2023-12-20 00:00:00',48),(322,'44_1_40.png','https://drive.google.com/uc?id=1J4albRKO-KCe61aaSKgDgt9_8kHn-4xK&export=view','ACTIVE','2023-12-20 00:00:00','2023-12-20 00:00:00',48),(323,'45_1_33.png','https://drive.google.com/uc?id=1lc85NoedW8t6iYskAKs228phJJhWISvx&export=view','ACTIVE','2023-12-20 00:00:00','2023-12-20 00:00:00',48),(324,'46_1_34.png','https://drive.google.com/uc?id=1wpmvWafTS1LN8YQy3VF8Vr_Uj4b_7YAz&export=view','ACTIVE','2023-12-20 00:00:00','2023-12-20 00:00:00',48),(325,'49_1_26.png','https://drive.google.com/uc?id=1jREM2w_CYAHjt6jo1-Jv_G1IiEcnPACm&export=view','ACTIVE','2023-12-20 00:00:00','2023-12-20 00:00:00',48),(326,'50_1_28.png','https://drive.google.com/uc?id=1bSge4sNg6IN0CzLyTLG89jlFsUqOy9nY&export=view','ACTIVE','2023-12-20 00:00:00','2023-12-20 00:00:00',48),(327,'1_208_4_1.png','https://drive.google.com/uc?id=1xg50HTRIiTCNpMOoUVGbxV7nvqf2sTBT&export=view','ACTIVE','2023-12-20 00:00:00','2023-12-20 00:00:00',49),(328,'2_182_1.png','https://drive.google.com/uc?id=19WMhVVLF0mXTENLeqYobSVFLsQnDWUyU&export=view','ACTIVE','2023-12-20 00:00:00','2023-12-20 00:00:00',49),(329,'3_167_1.png','https://drive.google.com/uc?id=1SBvQEmZ04rZBJvpryClxeAnBytKK16QQ&export=view','ACTIVE','2023-12-20 00:00:00','2023-12-20 00:00:00',49),(330,'4_160_1.png','https://drive.google.com/uc?id=1NoGkts3pxd_Kpz6iR7AvA6W6ssr1zGGR&export=view','ACTIVE','2023-12-20 00:00:00','2023-12-20 00:00:00',49),(331,'5_146_1.png','https://drive.google.com/uc?id=17K4j7EkYw4VnPh1Xql6RA2dvbeH9Aewj&export=view','ACTIVE','2023-12-20 00:00:00','2023-12-20 00:00:00',49),(332,'xnah_nh_.png','https://drive.google.com/uc?id=123z5uHPXcdQWO3s1MKuYWfkiPkhp_hNR&export=view','ACTIVE','2023-12-20 00:00:00','2023-12-20 00:00:00',49),(333,'text_d_i_3__2_1.png','https://drive.google.com/uc?id=1beUiAThn30JH-2dr-KswbrOfuQTDQCW3&export=view','ACTIVE','2023-12-20 00:00:00','2023-12-20 00:00:00',50),(334,'text_ng_n_5__1_2_1_1.png','https://drive.google.com/uc?id=1RKGr0nchiYsga7YQ2lKK-BWlYpPfNQWH&export=view','ACTIVE','2023-12-20 00:00:00','2023-12-20 00:00:00',50),(335,'text_ng_n_6__6_1_1.png','https://drive.google.com/uc?id=1e1YBl3IWy5WKkPlhjojDGjIPis4pqIgz&export=view','ACTIVE','2023-12-20 00:00:00','2023-12-20 00:00:00',50),(336,'text_ng_n_10__5_1_1.png','https://drive.google.com/uc?id=1to2FhWa9RhZIgbZH88ZYB1TnyD46WX3D&export=view','ACTIVE','2023-12-20 00:00:00','2023-12-20 00:00:00',50),(337,'text_ng_n_13__5_1_1.png','https://drive.google.com/uc?id=1QsXqlTa0EP7wn-tI9bEgREJAT0fKwu1X&export=view','ACTIVE','2023-12-20 00:00:00','2023-12-20 00:00:00',50),(338,'text_ng_n_14__4_1_1.png','https://drive.google.com/uc?id=1wUnbrDpENkYlIrLHuKLYD96vnOPWD_e7&export=view','ACTIVE','2023-12-20 00:00:00','2023-12-20 00:00:00',50),(339,'ipad-pro-m2-5g-3.jpg','https://drive.google.com/uc?id=1P2UwcbV4VW00eQ3x8rAr32Dv1oiOvZpx&export=view','ACTIVE','2023-12-20 00:00:00','2023-12-20 00:00:00',51),(340,'ipad-pro-m2-5g-gray-1.jpg','https://drive.google.com/uc?id=1E5L75sN_hZakj6smElYiNvig_K5vOYYs&export=view','ACTIVE','2023-12-20 00:00:00','2023-12-20 00:00:00',51),(341,'ipad-pro-m2-5g-gray-2.jpg','https://drive.google.com/uc?id=1M6lbXMS35xwT62fiPTYfo86uvX1pt7WM&export=view','ACTIVE','2023-12-20 00:00:00','2023-12-20 00:00:00',51),(342,'galaxy_tab_s9_fe_wifi_-_8_1.png','https://drive.google.com/uc?id=1WoH4xW7_eWmxGyC3J9Tn3EYQX-YfWsUK&export=view','ACTIVE','2023-12-20 00:00:00','2023-12-20 00:00:00',52),(343,'samsung-galaxy-tab-fe-bac-12_1.png','https://drive.google.com/uc?id=1BQKpf1y19BmB0T5Bjpad0tmvKx4pMQA9&export=view','ACTIVE','2023-12-20 00:00:00','2023-12-20 00:00:00',52),(344,'samsung-galaxy-tab-s9-fe-mint-2_1.png','https://drive.google.com/uc?id=1ufQ3aQUzumDJPvi6gIlIafuxew7XJgju&export=view','ACTIVE','2023-12-20 00:00:00','2023-12-20 00:00:00',52),(345,'samsung-galaxy-tab-s9-fe-mint-13_1.png','https://drive.google.com/uc?id=1CMJZrw4b02dIA3qxm68CCbK5RkepS--m&export=view','ACTIVE','2023-12-20 00:00:00','2023-12-20 00:00:00',52),(346,'samsung-galaxy-tab-s9-xam-12_1.png','https://drive.google.com/uc?id=1LuXDmRmww5T-gf1XSpo7GqfqxrWU-QWl&export=view','ACTIVE','2023-12-20 00:00:00','2023-12-20 00:00:00',52),(347,'1_256.png','https://drive.google.com/uc?id=1TViYdnrMQwBQad2OICHnxSMs2f_LUO_0&export=view','ACTIVE','2023-12-20 00:00:00','2023-12-20 00:00:00',53),(348,'2_246.png','https://drive.google.com/uc?id=12KGjvEQ5Rci46QDUXMC8WBVSoQOUIwWh&export=view','ACTIVE','2023-12-20 00:00:00','2023-12-20 00:00:00',53),(349,'3_229.png','https://drive.google.com/uc?id=1-tTDEWf8fOGTE8A0W7FzRD-Bq6vUEj9D&export=view','ACTIVE','2023-12-20 00:00:00','2023-12-20 00:00:00',53),(350,'4_190.png','https://drive.google.com/uc?id=1KUlGjljIavJJ6IIzdZzxmS_SGScp-V1X&export=view','ACTIVE','2023-12-20 00:00:00','2023-12-20 00:00:00',53),(351,'ipad-mini-6_10__1.png','https://drive.google.com/uc?id=1U0dnwEQS65zz7fPbS00kIbQpBNtIYlJh&export=view','ACTIVE','2023-12-20 00:00:00','2023-12-20 00:00:00',53),(352,'ipad-mini-6-5.png','https://drive.google.com/uc?id=1yL_xsSiuZzlTDV6fSp7wI19c6OLPAOW2&export=view','ACTIVE','2023-12-20 00:00:00','2023-12-20 00:00:00',53),(353,'s_1_3.png','https://drive.google.com/uc?id=1kJwdg-SaNE9WoUNVooJGCEjP8AP-qLcR&export=view','ACTIVE','2023-12-20 00:00:00','2023-12-20 00:00:00',54),(354,'xiaomi_pad6_-_4.png','https://drive.google.com/uc?id=1ybFD_0uePjGfPc4qmLyP6ardm6uytyFd&export=view','ACTIVE','2023-12-20 00:00:00','2023-12-20 00:00:00',54),(355,'xiaomi_pad6_-_5.png','https://drive.google.com/uc?id=1egdnegv1CwngT9S8f5s6yjx89TWWhEe2&export=view','ACTIVE','2023-12-20 00:00:00','2023-12-20 00:00:00',54),(356,'xiaomi_pad6_-_6.png','https://drive.google.com/uc?id=1t1gd_yz1aQtbCM9orYszN100l2XnqSON&export=view','ACTIVE','2023-12-20 00:00:00','2023-12-20 00:00:00',54),(357,'xiaomi_pad6_-_9.png','https://drive.google.com/uc?id=1twchBEnSSz9mX2X23eSkeCvNSoPVX_Bw&export=view','ACTIVE','2023-12-20 00:00:00','2023-12-20 00:00:00',54),(358,'256gb_-_5_1.png','https://drive.google.com/uc?id=1SFeZBM2izZNTKA5aMNYePBvhRARMpsiT&export=view','ACTIVE','2023-12-20 00:00:00','2023-12-20 00:00:00',55),(359,'o1cn01ijop4f1slqk1fdzto_-2201438992231_1628774717_2.png','https://drive.google.com/uc?id=13-S5w6OmDXMea0HF8kK-r5OcVmSCg-bO&export=view','ACTIVE','2023-12-20 00:00:00','2023-12-20 00:00:00',55),(360,'o1cn01laervj1slqjxkeekw_-2201438992231_1628773507_1628827052_1_1.png','https://drive.google.com/uc?id=1hGboOoUeaIDqrc3wnGUPIEYxHzvpl1ur&export=view','ACTIVE','2023-12-20 00:00:00','2023-12-20 00:00:00',55),(361,'xiaomi_pad_5_-_6_1.png','https://drive.google.com/uc?id=1oikOhQHZgi9rSVRWddly6IszPWhDTOIM&export=view','ACTIVE','2023-12-20 00:00:00','2023-12-20 00:00:00',55);
/*!40000 ALTER TABLE `images` ENABLE KEYS */;
UNLOCK TABLES;

--
-- Table structure for table `order_details`
--

DROP TABLE IF EXISTS `order_details`;
/*!40101 SET @saved_cs_client     = @@character_set_client */;
/*!50503 SET character_set_client = utf8mb4 */;
CREATE TABLE `order_details` (
  `id` int NOT NULL AUTO_INCREMENT,
  `quantity` int DEFAULT NULL,
  `total_price` double DEFAULT NULL,
  `order_id` int DEFAULT NULL,
  `product_id` int DEFAULT NULL,
  PRIMARY KEY (`id`),
  KEY `order_id` (`order_id`),
  KEY `product_id` (`product_id`),
  CONSTRAINT `order_details_ibfk_1` FOREIGN KEY (`order_id`) REFERENCES `orders` (`id`),
  CONSTRAINT `order_details_ibfk_2` FOREIGN KEY (`product_id`) REFERENCES `products` (`id`)
) ENGINE=InnoDB AUTO_INCREMENT=168 DEFAULT CHARSET=utf8mb4 COLLATE=utf8mb4_0900_ai_ci;
/*!40101 SET character_set_client = @saved_cs_client */;

--
-- Dumping data for table `order_details`
--

LOCK TABLES `order_details` WRITE;
/*!40000 ALTER TABLE `order_details` DISABLE KEYS */;
INSERT INTO `order_details` VALUES (78,2,67980000,83,2),(79,1,25990000,84,9),(80,1,25990000,84,7),(81,1,28990000,85,5),(82,1,33990000,85,2),(83,1,35990000,86,3),(84,1,28990000,86,5),(85,1,19990000,87,51),(86,1,16990000,87,31),(87,1,29490000,88,34),(88,1,8990000,88,33),(89,1,11990000,89,53),(90,1,8490000,90,54),(91,1,7490000,90,55),(92,1,29990000,91,12),(93,1,33990000,91,2),(94,1,8990000,92,33),(95,1,16490000,92,32),(96,1,37490000,94,43),(97,1,19490000,94,42),(98,1,3590000,95,18),(99,1,25990000,95,7),(100,1,17990000,96,35),(101,1,25990000,96,11),(102,1,28990000,97,10),(103,1,9590000,97,20),(104,1,25990000,97,13),(105,1,11990000,98,53),(106,1,19990000,98,51),(107,1,8490000,98,54),(108,1,19990000,99,51),(109,1,8490000,99,54),(110,1,11990000,99,53),(111,1,36990000,100,4),(112,2,33980000,101,31),(113,1,16490000,101,32),(114,1,8490000,102,54),(115,1,7490000,102,55),(116,1,3690000,103,15),(117,1,28990000,103,10),(118,1,8990000,104,33),(119,2,21980000,104,52),(120,1,25990000,105,11),(121,1,3590000,106,18),(122,1,6990000,106,29),(123,1,17790000,106,28),(124,1,25990000,107,11),(125,1,32990000,107,1),(126,1,10990000,108,52),(127,1,19990000,108,51),(128,1,16990000,109,31),(129,1,30990000,110,6),(130,1,32990000,110,1),(131,1,29990000,110,12),(132,1,29490000,111,34),(133,1,11990000,112,53),(134,1,16890000,112,37),(135,1,19990000,112,40),(136,1,19990000,113,40),(137,1,40990000,113,39),(138,1,19490000,114,42),(139,1,10990000,115,52),(140,1,44990000,116,27),(141,1,25990000,116,13),(142,1,8490000,117,54),(143,1,7490000,117,55),(144,1,16990000,118,31),(145,1,19990000,118,51),(146,1,32990000,119,1),(147,1,3690000,119,15),(148,1,15990000,120,22),(149,1,33990000,121,14),(150,1,16890000,122,37),(151,1,8990000,122,33),(152,1,35990000,123,3),(153,1,28990000,123,10),(154,1,10990000,124,52),(155,1,32990000,124,1),(156,1,28990000,125,10),(157,1,28990000,126,5),(158,1,27990000,126,8),(159,1,17990000,127,35),(160,1,11990000,128,53),(161,1,49990000,129,38),(162,1,36990000,130,4),(163,1,32990000,130,1),(164,1,19990000,131,51),(165,1,10990000,131,52),(166,1,5450000,132,24),(167,1,9990000,132,25);
/*!40000 ALTER TABLE `order_details` ENABLE KEYS */;
UNLOCK TABLES;

--
-- Table structure for table `orders`
--

DROP TABLE IF EXISTS `orders`;
/*!40101 SET @saved_cs_client     = @@character_set_client */;
/*!50503 SET character_set_client = utf8mb4 */;
CREATE TABLE `orders` (
  `id` int NOT NULL AUTO_INCREMENT,
  `name` varchar(45) DEFAULT NULL,
  `email` varchar(255) DEFAULT NULL,
  `phone` varchar(255) DEFAULT NULL,
  `order_date` datetime DEFAULT NULL,
  `note` varchar(255) DEFAULT NULL,
  `status` enum('PENDING','PROCESSING','DELIVERED','CANCELLED') DEFAULT NULL,
  `address` varchar(255) DEFAULT NULL,
  `payment_method` varchar(255) DEFAULT NULL,
  `discount_price` double DEFAULT NULL,
  `total_amount` double DEFAULT NULL,
  `customer_id` int DEFAULT NULL,
  `status_payment` varchar(45) DEFAULT NULL,
  PRIMARY KEY (`id`),
  KEY `customer_id` (`customer_id`),
  CONSTRAINT `orders_ibfk_1` FOREIGN KEY (`customer_id`) REFERENCES `customers` (`id`)
) ENGINE=InnoDB AUTO_INCREMENT=133 DEFAULT CHARSET=utf8mb4 COLLATE=utf8mb4_0900_ai_ci;
/*!40101 SET character_set_client = @saved_cs_client */;

--
-- Dumping data for table `orders`
--

LOCK TABLES `orders` WRITE;
/*!40000 ALTER TABLE `orders` DISABLE KEYS */;
INSERT INTO `orders` VALUES (83,'TRần trọng linh','nguyenvana@gmail.com','0789654123','2023-09-05 00:00:00','giao ngay và luôn','DELIVERED','166,đường Lê hồng phong','Cash',0,93970000,53,'Chưa thanh toán'),(84,'Nguyễn Văn an','nguyenvana@gmail.com','0789654123','2023-09-07 00:00:00','giao cho vợ anh nhé','DELIVERED','166,đường Lê hồng phong','Cash',0,51980000,53,'Chưa thanh toán'),(85,'Trần trọng phú','nguyenvana@gmail.com','0789654123','2023-09-07 00:00:00','đặt nốt mai nghỉ','DELIVERED','166,đường Lê hồng phong','Cash',0,62980000,53,'Chưa thanh toán'),(86,'Vũ minh long','nguyenvana@gmail.com','0789654123','2023-09-20 00:00:00','mai giao','DELIVERED','166,đường Lê hồng phong','Cash',0,64980000,56,'Chưa thanh toán'),(87,'vũ minh long','nguyenvana@gmail.com','0789654123','2023-09-21 00:00:00','giao nhanh mai con anh học online','DELIVERED','166,đường Lê hồng phong','Cash',0,36980000,56,'Chưa thanh toán'),(88,'vũ minh long','nguyenvana@gmail.com','0789654123','2023-09-25 00:00:00','','DELIVERED','166,đường Lê hồng phong','Cash',0,38480000,56,'Chưa thanh toán'),(89,'Nguyễn gia long','nguyenvana@gmail.com','0789654123','2023-10-01 00:00:00','','DELIVERED','166,đường Lê hồng phong','Cash',0,11990000,55,'Chưa thanh toán'),(90,'Trần văn huy','nguyenvana@gmail.com','0789654123','2023-10-02 00:00:00','','DELIVERED','166,đường Lê hồng phong','Cash',0,15980000,54,'Chưa thanh toán'),(91,'Trần văn huy','nguyenvana@gmail.com','0789654123','2023-11-02 00:00:00','','DELIVERED','166,đường Lê hồng phong','Cash',0,63980000,54,'Chưa thanh toán'),(92,'Nguyễn tiến quang','nguyenvana@gmail.com','0789654123','2023-11-15 00:00:00','','DELIVERED','166,đường Lê hồng phong','Cash',0,25480000,52,'Chưa thanh toán'),(93,' Nguyễn tiến quang','nguyenvana@gmail.com','0789654123','2023-11-16 00:00:00','','DELIVERED','166,đường Lê hồng phong','VnPay',0,25480000,52,'Đã thanh toán'),(94,'Nguyễn Trọng Phụng','nguyenvana@gmail.com','0789654123','2023-11-16 00:00:00','','DELIVERED','166,đường Lê hồng phong','Cash',0,56980000,51,'Chưa thanh toán'),(95,'Nguyễn TRọng phụng','nguyenvana@gmail.com','0789654123','2023-11-23 00:00:00','','DELIVERED','166,đường Lê hồng phong','Cash',20000,29560000,51,'Chưa thanh toán'),(96,'Trần Minh Hoàng','nguyenvana@gmail.com','0789654123','2023-11-22 00:00:00','','DELIVERED','166,đường Lê hồng phong','Cash',0,43980000,50,'Chưa thanh toán'),(97,'Trần Minh hoàng','nguyenvana@gmail.com','0789654123','2023-11-26 00:00:00','','DELIVERED','166,đường Lê hồng phong','Cash',0,64570000,50,'Chưa thanh toán'),(98,'Trần Minh Hoàng','nguyenvana@gmail.com','0789654123','2023-11-25 00:00:00','','DELIVERED','166,đường Lê hồng phong','Cash',0,40470000,50,'Chưa thanh toán'),(99,'Vĩ Văn Lộc','nguyenvana@gmail.com','0789654123','2023-10-28 00:00:00','','DELIVERED','166,đường Lê hồng phong','Cash',0,40470000,47,'Chưa thanh toán'),(100,'Võ Văn lộc','nguyenvana@gmail.com','0789654123','2023-09-30 00:00:00','giao luôn nhé','CANCELLED','166,đường Lê hồng phong','Cash',0,36990000,47,'Chưa thanh toán'),(101,'TRương tuấn kiệt','nguyenvana@gmail.com','0789654123','2023-12-24 00:00:00','','DELIVERED','166,đường Lê hồng phong','Cash',0,50470000,45,'Chưa thanh toán'),(102,'Trương Tuấn kiệt','nguyenvana@gmail.com','0789654123','2023-11-16 00:00:00','mua luôn','DELIVERED','166,đường Lê hồng phong','Cash',0,15980000,45,'Chưa thanh toán'),(103,'Trươn tuấn kiệt','nguyenvana@gmail.com','0789654123','2023-11-24 00:00:00','','CANCELLED','166,đường Lê hồng phong','VnPay',0,32680000,45,'Đã thanh toán'),(104,'Trần anh tài','nguyenvana@gmail.com','0789654123','2023-10-17 00:00:00','mai ship nhé','DELIVERED','166,đường Lê hồng phong','Cash',0,30970000,44,'Chưa thanh toán'),(105,'TRần Anh Tài','nguyenvana@gmail.com','0789654123','2023-10-19 00:00:00','','DELIVERED','166,đường Lê hồng phong','Cash',0,25990000,44,'Chưa thanh toán'),(106,'Vũ Thanh Tường','nguyenvana@gmail.com','0789654123','2023-12-23 00:00:00','','DELIVERED','166,đường Lê hồng phong','Cash',0,28370000,42,'Chưa thanh toán'),(107,'Cap hựu diêu','nguyenvana@gmail.com','0789654123','2023-12-11 00:00:00','','DELIVERED','166,đường Lê hồng phong','Cash',0,58980000,41,'Chưa thanh toán'),(108,'Nguyễn Văn A','nguyenvana@gmail.com','0789654123','2023-12-08 00:00:00','','CANCELLED','166,đường Lê hồng phong','Cash',0,30980000,41,'Chưa thanh toán'),(109,'cáp huu dieu','nguyenvana@gmail.com','0789654123','2023-12-07 00:00:00','','DELIVERED','166,đường Lê hồng phong','Cash',0,16990000,41,'Chưa thanh toán'),(110,'Hoàng van vũ','nguyenvana@gmail.com','0789654123','2023-12-06 00:00:00','','CANCELLED','166,đường Lê hồng phong','Cash',0,93970000,39,'Chưa thanh toán'),(111,'Hoàng van vu','nguyenvana@gmail.com','0789654123','2023-12-20 00:00:00','','CANCELLED','166,đường Lê hồng phong','Cash',0,29490000,39,'Chưa thanh toán'),(112,'Hoàng  văn vu','nguyenvana@gmail.com','0789654123','2023-12-16 00:00:00','','DELIVERED','166,đường Lê hồng phong','Cash',0,48870000,39,'Chưa thanh toán'),(113,'Vũ Thành đạt','nguyenvana@gmail.com','0789654123','2023-11-20 00:00:00','','CANCELLED','166,đường Lê hồng phong','Cash',0,60980000,38,'Chưa thanh toán'),(114,'Vũ Thành Đạt','nguyenvana@gmail.com','0789654123','2023-11-08 00:00:00','','PROCESSING','166,đường Lê hồng phong','Cash',0,19490000,38,'Chưa thanh toán'),(115,'Vũ Thành Đạt','nguyenvana@gmail.com','0789654123','2023-11-07 00:00:00','','DELIVERED','166,đường Lê hồng phong','Cash',0,10990000,38,'Chưa thanh toán'),(116,'Nguyễn Văn A','nguyenvana@gmail.com','0789654123','2023-11-16 00:00:00','giao luôn','PENDING','166,đường Lê hồng phong','Cash',0,70980000,37,'Chưa thanh toán'),(117,'Tạ Minh Luân','nguyenvana@gmail.com','0789654123','2023-11-12 00:00:00','Mia giao','DELIVERED','166,đường Lê hồng phong','Cash',0,15980000,37,'Chưa thanh toán'),(118,'Nguyên Dat','nguyenvana@gmail.com','0789654123','2023-10-20 00:00:00','','PENDING','166,đường Lê hồng phong','Cash',0,36980000,36,'Chưa thanh toán'),(119,'Đạt Nguyễn','nguyenvana@gmail.com','0789654123','2023-10-10 00:00:00','','DELIVERED','166,đường Lê hồng phong','Cash',0,36680000,36,'Chưa thanh toán'),(120,'Nguyễn Đạt','nguyenvana@gmail.com','0789654123','2023-09-14 00:00:00','hôm nay giao','DELIVERED','166,đường Lê hồng phong','Cash',0,15990000,36,'Chưa thanh toán'),(121,'Anh Dạt','nguyenvana@gmail.com','0789654123','2023-09-20 00:00:00','','DELIVERED','166,đường Lê hồng phong','Cash',0,33990000,36,'Chưa thanh toán'),(122,'Văn hảo','nguyenvana@gmail.com','0789654123','2023-12-20 00:00:00','','DELIVERED','166,đường Lê hồng phong','Cash',0,25880000,35,'Chưa thanh toán'),(123,'Nguyễn Văn hao','nguyenvana@gmail.com','0789654123','2023-12-20 00:00:00','','PROCESSING','166,đường Lê hồng phong','Cash',0,64980000,35,'Chưa thanh toán'),(124,'Nguyễn Văn Hao','nguyenvana@gmail.com','0789654123','2023-12-20 00:00:00','','PROCESSING','166,đường Lê hồng phong','Cash',0,43980000,35,'Chưa thanh toán'),(125,'Pham Duy','nguyenvana@gmail.com','0789654123','2023-12-11 00:00:00','','DELIVERED','166,đường Lê hồng phong','Cash',0,28990000,34,'Chưa thanh toán'),(126,'Duy Pham','nguyenvana@gmail.com','0789654123','2023-12-01 00:00:00','','PROCESSING','166,đường Lê hồng phong','Cash',0,56980000,34,'Chưa thanh toán'),(127,'Pham Thanh Duy','nguyenvana@gmail.com','0789654123','2023-12-02 00:00:00','','PROCESSING','166,đường Lê hồng phong','Cash',0,17990000,34,'Chưa thanh toán'),(128,'Duy Pham','nguyenvana@gmail.com','0789654123','2023-12-19 00:00:00','','PENDING','166,đường Lê hồng phong','Cash',0,11990000,34,'Chưa thanh toán'),(129,'Huy','nguyenvana@gmail.com','0789654123','2023-12-18 00:00:00','','PENDING','166,đường Lê hồng phong','Cash',0,49990000,33,'Chưa thanh toán'),(130,'Huy','nguyenvana@gmail.com','0789654123','2023-12-18 00:00:00','','PENDING','166,đường Lê hồng phong','Cash',0,69980000,33,'Chưa thanh toán'),(131,'Adnh Duy','nguyenvana@gmail.com','0789654123','2023-12-20 00:00:00','','PENDING','166,đường Lê hồng phong','Cash',0,30980000,33,'Chưa thanh toán'),(132,'Khanh Duy','nguyenvana@gmail.com','0789654123','2023-12-20 00:00:00','','PENDING','166,đường Lê hồng phong','Cash',0,15440000,32,'Chưa thanh toán');
/*!40000 ALTER TABLE `orders` ENABLE KEYS */;
UNLOCK TABLES;

--
-- Table structure for table `origins`
--

DROP TABLE IF EXISTS `origins`;
/*!40101 SET @saved_cs_client     = @@character_set_client */;
/*!50503 SET character_set_client = utf8mb4 */;
CREATE TABLE `origins` (
  `id` int NOT NULL AUTO_INCREMENT,
  `country` varchar(100) DEFAULT NULL,
  PRIMARY KEY (`id`)
) ENGINE=InnoDB AUTO_INCREMENT=25 DEFAULT CHARSET=utf8mb4 COLLATE=utf8mb4_0900_ai_ci;
/*!40101 SET character_set_client = @saved_cs_client */;

--
-- Dumping data for table `origins`
--

LOCK TABLES `origins` WRITE;
/*!40000 ALTER TABLE `origins` DISABLE KEYS */;
INSERT INTO `origins` VALUES (1,'VietNam'),(2,'USA'),(3,'Korea'),(4,'China'),(5,'Japan'),(6,'Taiwan');
/*!40000 ALTER TABLE `origins` ENABLE KEYS */;
UNLOCK TABLES;

--
-- Table structure for table `payments`
--

DROP TABLE IF EXISTS `payments`;
/*!40101 SET @saved_cs_client     = @@character_set_client */;
/*!50503 SET character_set_client = utf8mb4 */;
CREATE TABLE `payments` (
  `version` varchar(255) DEFAULT NULL,
  `command` varchar(255) DEFAULT NULL,
  `amount` double DEFAULT NULL,
  `bank_code` varchar(255) DEFAULT NULL,
  `create_date` datetime DEFAULT NULL,
  `current_code` varchar(255) DEFAULT NULL,
  `ip_address` varchar(255) DEFAULT NULL,
  `locale` varchar(255) DEFAULT NULL,
  `order_info` varchar(255) DEFAULT NULL,
  `order_type` varchar(255) DEFAULT NULL,
  `return_url` varchar(255) DEFAULT NULL,
  `txn_ref` varchar(255) DEFAULT NULL,
  `secure_hash` varchar(255) DEFAULT NULL
) ENGINE=InnoDB DEFAULT CHARSET=utf8mb4 COLLATE=utf8mb4_0900_ai_ci;
/*!40101 SET character_set_client = @saved_cs_client */;

--
-- Dumping data for table `payments`
--

LOCK TABLES `payments` WRITE;
/*!40000 ALTER TABLE `payments` DISABLE KEYS */;
INSERT INTO `payments` VALUES ('2.1.0','pay',30000,'NCB','2023-12-13 17:41:31','VNĐ','127.0.0.1','VN','Thanh toan don hang:13432858','other','http://localhost:4200/checkout','13432858','015a844847670a75aed314dcda6705c183b6db5a21a263ac84beb31b021072b9b50d421f733fedf44c11ca2f4baa4394d85a2459f6dfbd30144af8ad84aefd82'),('2.1.0','pay',30000,'NCB','2023-12-13 17:45:31','VNĐ','127.0.0.1','VN','Thanh toan don hang:17855227','other','http://localhost:4200/checkout','17855227','bdf04c592bd65523682153c0ffa80acf261b51209d826ed87b33128fd9694b47109fd125f32c659d40321d0c04bff8096ff477adaf4e70963d73d83f291c89b4'),('2.1.0','pay',30000,'NCB','2023-12-13 17:58:53','VNĐ','127.0.0.1','VN','Thanh toan don hang:99872044','other','http://localhost:4200/checkout','99872044','030d6198511fd45c527a4e1bd852743891434ca5001829f71ac2ca253cca57af1bfe528f454d10542e89b721c5d2e49df36e213efc1902efc48ee5f6f6e0fbaf'),('2.1.0','pay',30000,'NCB','2023-12-13 17:59:00','VNĐ','127.0.0.1','VN','Thanh toan don hang:60863557','other','http://localhost:4200/checkout','60863557','853248452081a45a6553055a47c1c4180d55123fe1b4b9184d18ddad2ddcdf51a73a767b03e61871677c600d8c6185a6d599ec0f826bbf012261fe3b9a534848'),('2.1.0','pay',10000,'NCB','2023-12-13 17:59:03','VNĐ','127.0.0.1','VN','Thanh toan don hang:94156773','other','http://localhost:4200/checkout','94156773','03562772ee4e580e094471a25b6de3a8c0915ae5bf2164845a7b8b1043ff4d373a19c0d1fc85af271712c571b0d691bb72dbac2610b57e307c63e6e1ec324b51'),('2.1.0','pay',30000,'NCB','2023-12-13 21:57:03','VNĐ','127.0.0.1','VN','Thanh toan don hang:45650385','other','http://localhost:4200/checkout','45650385','0d6d73c3fb2501d0e035e4391a36f502a455997c25bbd53b7615c13943c6caa54b722d03af1fff069181d79cda3b1a93a79575e289c5bd66289b842f189bdf6e'),('2.1.0','pay',30000,'NCB','2023-12-13 21:57:40','VNĐ','127.0.0.1','VN','Thanh toan don hang:45034883','other','http://localhost:4200/checkout','45034883','86b34b6d912c5c57b2e325f60d620bf2154c7b38564db5ff32274b3e1498809d290195a08e96d9c3337de0503ff2988c5b34da15cfa0777724c872231a51de6d'),('2.1.0','pay',30000,'NCB','2023-12-14 14:36:48','VNĐ','127.0.0.1','VN','Thanh toan don hang:01116645','other','http://localhost:4200/checkout','01116645','0ff322702304c46383ca153ba4a8b20ace78cddf0eea107dbc1b9fe7efab89f4042eb2426a16657c089c0742b0c61b7f4370a13dc38c838054cc3f5d11bd0d71'),('2.1.0','pay',30000,'NCB','2023-12-14 14:37:53','VNĐ','127.0.0.1','VN','Thanh toan don hang:02470020','other','http://localhost:4200/checkout','02470020','b08df74dfa10a8404f07484b9fb7aeca743165924379ebb37b7f875b5f40b5ffb26ecd7b27d62c917cf1694328208ae136b7016e6d8044214e4cf09138564734'),('2.1.0','pay',30000,'NCB','2023-12-14 14:40:48','VNĐ','127.0.0.1','VN','Thanh toan don hang:27947281','other','http://localhost:4200/checkout','27947281','ccf997fdfd017a1d00fd8785d7da951d3b7ca9ac74cfb0ddcfa46468866d6ed4fbe5a39d83bf74cfda0560a506c2bef6d01a6f49389860a94d7b4cf7897d27a7'),('2.1.0','pay',999,'NCB','2023-12-14 14:44:04','VNĐ','127.0.0.1','VN','Thanh toan don hang:62818250','other','http://localhost:4200/checkout','62818250','3057b685b3f7fb1ccf633332f48df6b8c150d9e9f60581a5f2cbbe24f047b2ebc60c0c768bbcc06f78aaddf24d25cbdcccbd0f62739dc2976996ceb910e70e35'),('2.1.0','pay',999,'NCB','2023-12-14 14:44:59','VNĐ','127.0.0.1','VN','Thanh toan don hang:43419564','other','http://localhost:4200/checkout','43419564','69523eded8d483230cb38e1d9184c9816460e110ba1bf4a44c35c1483b61103df231eec2ad3ad769e3565587979c327a378657b42074bf79a7301121958612e4'),('2.1.0','pay',25480000,'NCB','2023-12-20 01:27:07','VNĐ','127.0.0.1','VN','Thanh toan don hang:04564814','other','http://localhost:4200/checkout','04564814','3350a7d1da42fc1fe390f67eeb726770c9b73e3e34f2af9f379b5e05269997dd41d1af38b0d39c1f5914e95dd9a87e8b623884624130d5117727511fe15b2913'),('2.1.0','pay',32680000,'NCB','2023-12-20 02:16:34','VNĐ','127.0.0.1','VN','Thanh toan don hang:84826653','other','http://localhost:4200/checkout','84826653','699a29a8a880ec48fda97ac9f033fc8c01dc964678cdc8785c83e035b3213e1a93da5dfac595b92ffc8da47b8793a0eff39ae828242ef007fb2da0b52b168c94');
/*!40000 ALTER TABLE `payments` ENABLE KEYS */;
UNLOCK TABLES;

--
-- Table structure for table `products`
--

DROP TABLE IF EXISTS `products`;
/*!40101 SET @saved_cs_client     = @@character_set_client */;
/*!50503 SET character_set_client = utf8mb4 */;
CREATE TABLE `products` (
  `id` int NOT NULL AUTO_INCREMENT,
  `name` varchar(255) DEFAULT NULL,
  `model` varchar(255) DEFAULT NULL,
  `price` double DEFAULT NULL,
  `thumbnail` varchar(255) DEFAULT NULL,
  `stock_quantity` int DEFAULT NULL,
  `create_date` datetime DEFAULT NULL,
  `update_date` datetime DEFAULT NULL,
  `description` varchar(255) DEFAULT NULL,
  `discount_percentage` double DEFAULT NULL,
  `discount_price` double DEFAULT NULL,
  `status` enum('AVAILABLE','OUT_OF_STOCK','DISCONTINUED') DEFAULT NULL,
  `category_id` int DEFAULT NULL,
  `brand_id` int DEFAULT NULL,
  `origin_id` int DEFAULT NULL,
  PRIMARY KEY (`id`),
  KEY `category_id` (`category_id`),
  KEY `brand_id` (`brand_id`),
  KEY `origin_id` (`origin_id`),
  CONSTRAINT `products_ibfk_1` FOREIGN KEY (`category_id`) REFERENCES `categories` (`id`),
  CONSTRAINT `products_ibfk_2` FOREIGN KEY (`brand_id`) REFERENCES `brands` (`id`),
  CONSTRAINT `products_ibfk_3` FOREIGN KEY (`origin_id`) REFERENCES `origins` (`id`)
) ENGINE=InnoDB AUTO_INCREMENT=57 DEFAULT CHARSET=utf8mb4 COLLATE=utf8mb4_0900_ai_ci;
/*!40101 SET character_set_client = @saved_cs_client */;

--
-- Dumping data for table `products`
--

LOCK TABLES `products` WRITE;
/*!40000 ALTER TABLE `products` DISABLE KEYS */;
INSERT INTO `products` VALUES (1,'Điện thoại iPhone 15 Pro Max 512GB','iPhone 15 Pro Max 512GB',32990000,'https://drive.google.com/uc?id=1mtODpb96iLicbbhj7ZmEdvhiBNj90u1S&export=view',95,'2023-12-01 00:47:58','2023-12-20 02:35:43','iPhone 15 Pro Max thiết kế mới với chất liệu titan chuẩn hàng không vũ trụ bền bỉ, trọng lượng nhẹ, đồng thời trang bị nút Action và cổng sạc USB-C tiêu chuẩn giúp nâng cao tốc độ sạc. Khả năng chụp ảnh đỉnh cao của iPhone 15 bản Pro Max đến từ camera chí',2,32490000,'AVAILABLE',1,1,2),(2,'Điện thoại iPhone 15 Pro Max 256GB','iPhone 15 Pro Max 256GB',33990000,'https://drive.google.com/uc?id=1A2s6GmtxVHHfRsHcYAbY2-Ahhd35ApT4&export=view',100,'2023-12-01 00:47:58','2023-12-19 23:20:47','iPhone 15 Pro Max thiết kế mới với chất liệu titan chuẩn hàng không vũ trụ bền bỉ, trọng lượng nhẹ, đồng thời trang bị nút Action và cổng sạc USB-C tiêu chuẩn giúp nâng cao tốc độ sạc. Khả năng chụp ảnh đỉnh cao của iPhone 15 bản Pro Max đến từ camera chí',2,33390000,'AVAILABLE',1,1,2),(3,'Điện thoại iPhone 15 Pro Max 1TB','iPhone 15 Pro Max 1TB',35990000,'https://drive.google.com/uc?id=1dPtC9oqGu_709Oh2VBXKK44F8lXlX3pk&export=view',99,'2023-12-01 00:47:58','2023-12-20 02:32:33','iPhone 15 Pro Max thiết kế mới với chất liệu titan chuẩn hàng không vũ trụ bền bỉ, trọng lượng nhẹ, đồng thời trang bị nút Action và cổng sạc USB-C tiêu chuẩn giúp nâng cao tốc độ sạc. Khả năng chụp ảnh đỉnh cao của iPhone 15 bản Pro Max đến từ camera chí',2,35290000,'AVAILABLE',1,1,2),(4,'Điện thoại iPhone 15 Pro Max 2TB','iPhone 15 Pro Max 2TB',36990000,'https://drive.google.com/uc?id=1yCDBiF7G2na8ZINv7DdlRWPOnbAW5aSz&export=view',55,'2023-12-01 00:47:58','2023-12-20 02:35:43','iPhone 15 Pro Max thiết kế mới với chất liệu titan chuẩn hàng không vũ trụ bền bỉ, trọng lượng nhẹ, đồng thời trang bị nút Action và cổng sạc USB-C tiêu chuẩn giúp nâng cao tốc độ sạc. Khả năng chụp ảnh đỉnh cao của iPhone 15 bản Pro Max đến từ camera chí',0,35290000,'DISCONTINUED',1,1,2),(5,'Điện thoại iPhone 15 Pro 256GB','iPhone 15 Pro 256GB',28990000,'https://drive.google.com/uc?id=1mmgzKlsk8itQ9kdWjTe9u4Y3sKI86z3A&export=view',99,'2023-12-01 00:47:58','2023-12-20 02:33:59','iPhone 15 Pro thiết kế mới với chất liệu titan chuẩn hàng không vũ trụ bền bỉ, trọng lượng nhẹ, đồng thời trang bị nút Action và cổng sạc USB-C tiêu chuẩn giúp nâng cao tốc độ sạc. Khả năng chụp ảnh đỉnh cao của iPhone 15 bản Pro Max đến từ camera chính 4',4,27890000,'AVAILABLE',1,1,2),(6,'Điện thoại iPhone 15 Pro 1TB','iPhone 15 Pro 1TB',30990000,'https://drive.google.com/uc?id=1x8iDruBMkUDvOKxIDmm2KjojCb_EA-rg&export=view',99,'2023-12-01 00:47:58','2023-12-20 02:25:29','iPhone 15 Pro thiết kế mới với chất liệu titan chuẩn hàng không vũ trụ bền bỉ, trọng lượng nhẹ, đồng thời trang bị nút Action và cổng sạc USB-C tiêu chuẩn giúp nâng cao tốc độ sạc. Khả năng chụp ảnh đỉnh cao của iPhone 15 bản Pro Max đến từ camera chính 4',4,29790000,'AVAILABLE',1,1,2),(7,'Điện thoại iPhone 15 256GB','iPhone 15 256GB',25990000,'https://drive.google.com/uc?id=1Q5CqY4T4RbvDdX58TlsTq1rg3ZN2TzMs&export=view',100,'2023-12-01 00:47:58','2023-12-19 23:25:00','iPhone 15 thiết kế mới với chất liệu titan chuẩn hàng không vũ trụ bền bỉ, trọng lượng nhẹ, đồng thời trang bị nút Action và cổng sạc USB-C tiêu chuẩn giúp nâng cao tốc độ sạc. Khả năng chụp ảnh đỉnh cao của iPhone 15 bản Pro Max đến từ camera chính 48MP,',4,24990000,'AVAILABLE',1,1,2),(8,'Điện thoại iPhone 15 1TB','iPhone 15 1TB',27990000,'https://drive.google.com/uc?id=1b0aQp9DfWcIT9luktNDLaZbPDr8NcX1f&export=view',99,'2023-12-01 00:47:58','2023-12-20 02:33:59','iPhone 15 thiết kế mới với chất liệu titan chuẩn hàng không vũ trụ bền bỉ, trọng lượng nhẹ, đồng thời trang bị nút Action và cổng sạc USB-C tiêu chuẩn giúp nâng cao tốc độ sạc. Khả năng chụp ảnh đỉnh cao của iPhone 15 bản Pro Max đến từ camera chính 48MP,',4,26890000,'AVAILABLE',1,1,2),(9,'Điện thoại iPhone 14 Pro Max 256GB','iPhone 14 Pro Max 256GB',25990000,'https://drive.google.com/uc?id=1SospRv-fxvcpNsoE-cnn4pzrXDaLROnG&export=view',100,'2023-12-01 00:47:58','2023-12-19 23:28:25','iPhone 14 Pro Max sở hữu thiết kế màn hình Dynamic Island ấn tượng cùng màn hình OLED 6,7 inch hỗ trợ always-on display và hiệu năng vượt trội với chip A16 Bionic. Bên cạnh đó máy còn sở hữu nhiều nâng cấp về camera với cụm camera sau 48MP, camera trước 1',7,24190000,'AVAILABLE',1,1,2),(10,'Điện thoại iPhone 14 Pro Max 1TB','iPhone 14 Pro Max 1TB',28990000,'https://drive.google.com/uc?id=1uIsFl5ExdHm_NrKcPUlGNJ85TOSzLvpl&export=view',97,'2023-12-01 00:47:58','2023-12-20 02:33:40','iPhone 14 Pro Max sở hữu thiết kế màn hình Dynamic Island ấn tượng cùng màn hình OLED 6,7 inch hỗ trợ always-on display và hiệu năng vượt trội với chip A16 Bionic. Bên cạnh đó máy còn sở hữu nhiều nâng cấp về camera với cụm camera sau 48MP, camera trước 1',7,26990000,'AVAILABLE',1,1,2),(11,'Điện thoại Samsung Galaxy S23 Ultra 256GB','Samsung Galaxy S23 Ultra 256GB',25990000,'https://drive.google.com/uc?id=1RDQ-EDWHwYetEe20dsLOuoOMDKmN5_gt&export=view',98,'2023-12-01 00:47:58','2023-12-20 02:23:48','Samsung S23 Ultra là dòng điện thoại cao cấp của Samsung, sở hữu camera độ phân giải 200MP ấn tượng, chip Snapdragon 8 Gen 2 mạnh mẽ, bộ nhớ RAM 8GB mang lại hiệu suất xử lý vượt trội cùng khung viền vuông vức sang trọng. Sản phẩm được ra mắt từ đầu năm 2',8,23990000,'AVAILABLE',1,2,3),(12,'Điện thoại Samsung Galaxy S23 Ultra 1TB','Samsung Galaxy S23 Ultra 1TB',29990000,'https://drive.google.com/uc?id=1mGYDOX59usvUP4Stl-96GIrueXiSN3uR&export=view',99,'2023-12-01 00:47:58','2023-12-20 02:25:29','Samsung S23 Ultra là dòng điện thoại cao cấp của Samsung, sở hữu camera độ phân giải 200MP ấn tượng, chip Snapdragon 8 Gen 2 mạnh mẽ, bộ nhớ RAM 12GB mang lại hiệu suất xử lý vượt trội cùng khung viền vuông vức sang trọng. Sản phẩm được ra mắt từ đầu năm ',8,27590000,'AVAILABLE',1,2,3),(13,'Điện thoại Samsung Z Flip 5','Samsung Z Flip 5',25990000,'https://drive.google.com/uc?id=1xwkcqTOUhu1Ng2M7Djvfj1J32Q_Zo5TO&export=view',99,'2023-12-01 00:47:58','2023-12-20 02:28:31','Samsung Z Flip 5 có màn chính hình rộng 6.7 inch, với độ phân giải Full HD+ (1080 x 2636 Pixels), cụm camera trước 10MP và camera sau 12MP, rõ đến từng chi tiết. Cấu hình của sản phẩm mạnh mẽ nhờ hệ điều hành Android 10, con chipset mạnh mẽ Snapdragon 8 g',2,25490000,'AVAILABLE',1,2,3),(14,'Điện thoại Samsung Galaxy Z Fold5','Samsung Galaxy Z Fold5',33990000,'https://drive.google.com/uc?id=1TYxZAIa2LJ7Py3XXWuamG6vTb2jJI1HK&export=view',-1,'2023-12-01 00:47:58','2023-12-20 02:31:12','Samsung Galaxy Z Fold5 12GB 256GB tạo nên trải nghiệm xử lý tác vụ siêu mượt mà thông qua chipset Snapdragon 8 Gen 2 đỉnh cao cùng dung lượng RAM lên tới 12GB. Máy được trang bị công nghệ màn hình Dynamic AMOLED 2X 120Hz với kích thước có thể lên tới 7.6 ',0,0,'OUT_OF_STOCK',1,2,3),(15,'Điện thoại Samsung Galaxy M14','Samsung Galaxy M14',3690000,'https://drive.google.com/uc?id=1dkyWqKLG5dGyzqMiX6jYosCRDjVLJ4ow&export=view',98,'2023-12-01 00:47:58','2023-12-20 02:30:23','Samsung Galaxy M14 thu hút được sự chú ý của người dùng với thiết kế vuông vức, thời thượng, trang bị chipset nội bộ của Samsung Exynos 1330. Màn hình hiển thị được cấu thành từ tấm nền IPS LCD thế hệ mới, đem lại những trải nghiệm hình ảnh sắc nét, sống ',5,3490000,'AVAILABLE',1,2,3),(16,'Điện thoại Samsung Galaxy A54','Samsung Galaxy A54',8690000,'https://drive.google.com/uc?id=1TwqcdQfdSC1NLBNAKFol0tHQC3PlljU5&export=view',100,'2023-12-01 00:47:58','2023-12-19 23:32:11','Samsung Galaxy A54 có những điểm đột phá mới như: màn hình Super AMOLED 6.4 inch tràn viền vô cực Infinity-O, độ sáng đến 1000 nits, tần số quét lên đến 120Hz. Samsung A54 cũng sở hữu cụm 3 camera phân giải cao 50.0 MP + 12.0 MP + 5.0 MP với tính năng ổn ',5,8290000,'AVAILABLE',1,2,3),(17,'Điện thoại Samsung Galaxy A34','Samsung Galaxy A34',7090000,'https://drive.google.com/uc?id=1q2Ie3oNhpkHeAXrBdJp4Lp-JFLAy5OZN&export=view',100,'2023-12-01 00:47:58','2023-12-19 23:32:32','Samsung Galaxy A34 là sản phẩm được đánh giá \"đáng đồng tiền bát gạo\" trong phân khúc tầm trung. Samsung A34 sở hữu màn hình Super AMOLED 6.6 inch với tần số quét lên đến 120Hz, độ sáng lên đến 1.000 nits. Thêm vào đó là dung lượng siêu bền bỉ 5.000mAh có',5,6790000,'AVAILABLE',1,2,3),(18,'Điện thoại Samsung Galaxy A05S','Samsung Galaxy A05S',3590000,'https://drive.google.com/uc?id=1KZE6VB-LzoHbb6mL65Y-vBqw6ZNCaUJZ&export=view',99,'2023-12-01 00:47:58','2023-12-20 02:20:47','Samsung Galaxy A05s được trang bị con chip Qualcomm Snapdragon 680 cùng với đó là dung lượng pin lớn 5000mAh, công nghệ sạc nhanh 25W và màn hình 6.7 inch chất lượng. Đặc biệt, hãng còn nâng cấp cả camera sau lên tới 50MP và camera selfie 13MP để mang tới',5,3390000,'AVAILABLE',1,2,3),(19,'Điện thoại Samsung Galaxy A23 5G','Samsung Galaxy A23 5G',4650000,'https://drive.google.com/uc?id=1SHahL6W_3Vib0gFwewzi74rt43c05T4a&export=view',100,'2023-12-01 00:47:58','2023-12-20 00:02:27','Samsung A23 5G được trang bị cấu hình vượt trội với con chip Snapdragon 695 5G cùng viên pin 5000 mAh thoải mái trải nghiệm. Màn hình 6.6 inch LCD mang lại khả năng hiển thị rõ nét. Điểm đặc biệt, mẫu điện thoại Samsung này còn được trang bị kết nối 5G đầ',8,4290000,'AVAILABLE',1,2,3),(20,'Điện thoại Samsung Galaxy S21 FE','Samsung Galaxy S21 FE',9590000,'https://drive.google.com/uc?id=1fNdjNA1zI--Fz1LW2aZ3A9TAuWr1f85Q&export=view',100,'2023-12-01 00:47:58','2023-12-20 00:02:46','Samsung S21 FE 8GB 128GB sở hữu chipset Exynos 2100 mạnh mẽ có thể chơi mượt mà, RAM 8GB và ROM 128GB cho khả năng đa nhiệm và lưu trữ ổn định. Thêm vào đó cụm camera chất lượng, cho hình ảnh sắc nét: 12MP+12MP+8MP và camera selfie 32MP. Không chỉ vậy, cá',8,4190000,'AVAILABLE',1,2,3),(21,'Điện thoại Xiaomi Redmi Note 12','Xiaomi Redmi Note 12',4790000,'https://drive.google.com/uc?id=1pq9DuqEJVAPf_fvrWckQR4h_W3wcja0T&export=view',100,'2023-12-01 00:47:58','2023-12-20 00:03:26','Xiaomi Redmi Note 12 8GB 128GB tỏa sáng với diện mạo viền vuông cực thời thượng cùng hiệu suất mạnh mẽ nhờ sở hữu con chip Snapdragon 685 ấn tượng. Chất lượng hiển thị hình ảnh của Redmi Note 12 Vàng cũng khá sắc nét thông qua tấm nền AMOLED 120Hz hiện đạ',3,4690000,'AVAILABLE',1,3,4),(22,'Điện thoại Xiaomi 13T Pro 5G ','Xiaomi 13T Pro 5G ',15990000,'https://drive.google.com/uc?id=1fCNxWDM6PzfgdM5QaARr381Vfm67yyRw&export=view',99,'2023-12-01 00:47:58','2023-12-20 02:30:49','Xiaomi 13T Pro là flagship mới nhất nhà Xiaomi, mạnh mẽ ấn tượng với chip MediaTek Dimensity 9200+, cùng với đó là RAM 12GB và bộ nhớ trong lên tới 512GB. Đặc biệt, khả năng chụp ảnh đỉnh cao nhờ cụm camera siêu chất, viên pin lớn 5000mAh cùng sạc nhanh 1',3,15490000,'AVAILABLE',1,3,4),(23,'Điện thoại Xiaomi Redmi Note 12 Pro','Xiaomi Redmi Note 12 Pro',4790000,'https://drive.google.com/uc?id=1ve_Xe3-YAugjx3sAN4VOCDXykzlCDxCl&export=view',100,'2023-12-01 00:47:58','2023-12-20 00:03:59','Xiaomi Redmi Note 12 Pro sở hữu cấu hình vượt trội gồm chip MediaTek Dimensity 1080, hệ thống ba camera với cảm biến chính 50MP và mạng 5G. Ngoài ra, màn hình Note 12 Pro 5G có kích thước khá lớn khoảng 6.67 inch, tấm nền AMOLED, tần số quét 120Hz khiến c',3,4690000,'AVAILABLE',1,3,4),(24,'Điện thoại Xiaomi POCO X5 5G','Xiaomi POCO X5 5G',5450000,'https://drive.google.com/uc?id=1vvSsY4Zxe-6uRiEsiP28jc5BXL_bp3lj&export=view',99,'2023-12-01 00:47:58','2023-12-20 02:37:02','POCO X5 sở hữu những ưu điểm vượt trội cả về thiết kế bên ngoài lẫn hiệu năng bên trọng, Poco X5 5G đang rất được ưa chuộng và phổ biến tại thị trường Việt Nam. Trong 2023 dự định điện thoại Poco X5 5G là sản phẩm smartphone nổi bật của thương hiệu điện t',6,5190000,'AVAILABLE',1,3,4),(25,'Điện thoại Xiaomi 13 Lite','Xiaomi 13 Lite',9990000,'https://drive.google.com/uc?id=15VVpn_re4sq8iNjoW67wsqEA_GMee0T4&export=view',99,'2023-12-01 00:47:58','2023-12-20 02:37:02','Xiaomi 13 Lite nổi bật nhờ cấu hình mạnh với chip Snapdragon 7 Gen 1, RAM 8GB LPDDR4x, ROM 256 GB. Ngoài ra, Mi 13 Lite còn sở hữu màn hình Full HD+ AMOLED 6.55 inch, tần số quét 120 Hz, phần khuyết đục lỗ chứa 2 camera selfie 32 MP.',6,9390000,'AVAILABLE',1,3,4),(26,'Điện thoại OPPO Reno10 5G','OPPO Reno10 5G',10490000,'https://drive.google.com/uc?id=1cDQYlvDG-Dr54XFIicWaUPlcbFgYVbs3&export=view',100,'2023-12-01 00:47:58','2023-12-20 00:05:22','Điện thoại OPPO Reno 10 sở hữu hiệu năng vô cùng mạnh mẽ khi được trang bị chipset MediaTek Dimensity 7050. Chất lượng hình ảnh của máy có độ sắc nét, mượt mà nhờ sở hữu tấm nền 3D AMOLED hiện đại với độ phân giải FHD+ 2412 × 1080 pixel cùng tần số quét 1',6,9890000,'AVAILABLE',1,4,4),(27,'Điện thoại OPPO Find N3','OPPO Find N3',44990000,'https://drive.google.com/uc?id=1G2bf9Pe-tKh4D2zVsf-i1nOAFfGJjNw5&export=view',99,'2023-12-01 00:47:58','2023-12-20 02:28:31','OPPO Find N3 được chính thức ra mắt ngày 26/10 tại thị trường Việt Nam mang đến nhiều nâng cấp mới mẻ. Trên phiên bản điện thoại gập thế hệ thứ 3 này, OPPO tạo ra một mẫu flagship mạnh mẽ hơn với chip Qualcomm Snapdragon® 8 Gen 2 Mobile Platform, 16GB RAM',6,42290000,'AVAILABLE',1,4,4),(28,'Điện thoại OPPO Find N2 Flip','OPPO Find N2 Flip',17790000,'https://drive.google.com/uc?id=1M6Zu75mET52ErzwDPyLPf7M7-XMLz9L0&export=view',99,'2023-12-01 00:47:58','2023-12-20 02:20:47','OPPO Find N2 Flip có kích thước 3.26 inch ở màn hình ngoài và bên trong là 6.8 inch, đặc biệt là GẬP KHÔNG NÊP GẤP và công nghệ hình ảnh chuyên nghiệp - MariSilicon X. Ngoài ra smartphone sẽ được vận hành bởi con chip Dimensity 9000+, kèm dung lượng pin 4',6,16790000,'AVAILABLE',1,4,4),(29,'Điện thoại OPPO Reno8 T 4G','OPPO Reno8 T 4G',6990000,'https://drive.google.com/uc?id=1bhS846oiAqgyWWQX8TFqjnousQPhNYCQ&export=view',99,'2023-12-01 00:47:58','2023-12-20 02:20:47','OPPO Reno8 T sở hữu thiết kế sang trọng, hiện đại nhưng cũng vô cùng độc đáo, bắt mắt. Phần mặt lưng của máy được hiệu chỉnh đặc biệt với hiệu ứng chuyển màu cực kỳ linh hoạt theo từng góc độ khác nhau.',9,6390000,'AVAILABLE',1,4,4),(30,'Điện thoại OPPO A77s','OPPO A77s',5190000,'https://drive.google.com/uc?id=133ptWzQRuu208tcbEBmvJjLIWcK5fr-z&export=view',100,'2023-12-01 00:47:58','2023-12-20 00:06:42','OPPO A77s là chiếc smartphone tầm trung chạy trên hệ điều hành Android 12, bộ nhớ ROM 128GB cùng RAM 8GB. A77s còn mang đến khả năng xử lý ổn định với Chipset Snapdragon 680 4G, màn hình 6.56 inches kiểu giọt nước, tần số quét 90Hz, trọng lượng nhẹ chỉ 18',9,47290000,'AVAILABLE',1,4,4),(31,'Laptop MSI Gaming Bravo 15 R5-7535HS/8GB+8GB/512GB PCIE/VGA 4GB RX6550M/15.6 FHD 144HZ/WIN11/ĐEN','Laptop MSI Gaming Bravo 15',16990000,'https://drive.google.com/uc?id=1JaULQxKg5HaLIExJujIURu_QwE7RtP-j&export=view',96,'2023-12-01 00:47:58','2023-12-20 02:29:56','Laptop MSI gaming BRAVO 15 B7ED-010VN là dòng laptop gaming đến từ thương hiệu MSI. Sản phẩm laptop MSI gaming này với cấu hình mạnh mẽ có thể đáp ứng tốt các trải nghiệm gaming của người dùng.',9,15490000,'AVAILABLE',2,5,6),(32,'Laptop MSI Gaming GF63 12UCX-841VN i5-12450H/8GB/512GB PCIE/VGA 4GB RTX2050/15.6 FHD 144HZ/WIN11/ĐEN','Laptop MSI Gaming GF63',16490000,'https://drive.google.com/uc?id=1K9ioW4hCVS91QUTEebA590LOb2UuY3UL&export=view',99,'2023-12-01 00:47:58','2023-12-20 02:15:29','Laptop Gaming MSI GF63 12UCX-841VN trang bị chip xử lý Intel Core i5-12450H đi kèm card đồ họa RTX 2050 4GB GDDR6, RAM 8GB và bộ nhớ trong 512GB. Sản phẩm laptop MSI gaming này còn có màn hình 15.6 inch và tần số quét 144Hz cho trải nghiệm chuyển động mượ',9,14990000,'AVAILABLE',2,5,6),(33,'Laptop MSI Modern 14 C11M-011VN i3-1115G4/8GB/512GB PCIE/14.0 FHD/WIN11/ĐEN','Laptop MSI Modern 14',8990000,'https://drive.google.com/uc?id=1RxyFAQMp2U28y7_FoTliXcCmLQGbnmB9&export=view',98,'2023-12-01 00:47:58','2023-12-20 02:32:06','hông chỉ nổi tiếng với các sản phẩm laptop gaming, MSI còn được đánh giá cao trong phân khúc laptop văn phòng với sản phẩm laptop MSI Modern 14 C11M-011VN. Mẫu laptop MSI Modern này sở hữu một thiết kế cá tính, trẻ trung cùng một hiệu năng ổn định, đáp ứn',9,8190000,'AVAILABLE',2,5,6),(34,'Laptop MSI Katana 15 B13VFK-676VN i7-13620H/16GB/1TB PCIE/VGA 8GB RTX4060/15.6 FHD 144HZ/WIN11/ĐEN/BALO','Laptop MSI Katana 15',29490000,'https://drive.google.com/uc?id=1VvYsz_muJG7PayLGQxJdq81dThSiA3ec&export=view',-1,'2023-12-01 00:47:58','2023-12-20 02:25:47','Laptop MSI Katana 15 B13VFK-676VN là chiếc laptop có cấu hình mạnh mẽ, thích hợp cho cả nhu chơi game và công việc sáng tạo nhờ có card đồ họa RTX 4060. Kiểu dáng khỏe khoắn và mỏng nhẹ càng khiến laptop MSI gaming này trở nên nổi bật hơn',0,0,'OUT_OF_STOCK',2,5,6),(35,'Laptop MSI Cyborg 15 A12UCX-281VN i5-12450H/8GB/512GB PCIE/VGA 4GB RTX2050/15.6 FHD/WIN11/ĐEN/BALO','Laptop MSI Cyborg 15',17990000,'https://drive.google.com/uc?id=12E4NJ05KLzT80aZW1wmrCT2xaqSo7KeZ&export=view',99,'2023-12-01 00:47:58','2023-12-20 02:34:21','Laptop MSI Cyborg 15 A12UCX-281VN tuy được xếp vào phân khúc tầm trung nhưng lại có cấu hình mạnh mẽ, làm việc với đồ họa mượt mà. Với thiết kế trẻ trung cùng màn hình chất lượng thì đây là mẫu lapotp MSI khiến bạn khó lòng bỏ qua.',5,16990000,'AVAILABLE',2,5,6),(36,'Laptop Asus VivoBook Go 14 E1404FA-NK177W R5-7520U/16GB/512GB PCIE/14.0 FHD/WIN11/BẠC','Laptop Asus VivoBook Go 14',12990000,'https://drive.google.com/uc?id=1ViPCIwo3xRRgP3oBt5crWFjlH2mms8NZ&export=view',100,'2023-12-01 00:47:58','2023-12-20 00:11:44','Là một sản phẩm thuộc series Asus Vivobook do đó laptop Asus Vivobook Go 14 E1404FA-NK177W sở hữu nhiều đặc điểm của series này. Bên cạnh đó là nhiều tính năng được nâng cấp, hỗ trợ tối ưu trong quá trình sử dụng của người dùng.',5,12390000,'AVAILABLE',2,6,6),(37,'Laptop Asus TUF GAMING F15 FX506HF-HN014W i5-11400H/8GB/512GB PCIE/VGA 4GB RTX2050/15.6 FHD 144HZ/WIN11/ĐEN','Laptop Asus TUF GAMING F15',16890000,'https://drive.google.com/uc?id=1u7W4RKzxjNYYbFITMeGz8E87JxnQXX_N&export=view',98,'2023-12-01 00:47:58','2023-12-20 02:32:06','Laptop ASUS TUF Gaming F15 FX506HF HN014W là sản phẩm được thiết kế với những ưu điểm nổi bật về hiệu năng vô cùng mạnh mẽ và ấn tượng. Bên cạnh đó, laptop sở hữu vẻ ngoài vô cùng nhỏ gọn và tinh tế giúp cho các game thủ thuận tiện hơn trong việc di chuyể',4,16290000,'AVAILABLE',2,6,6),(38,'Macbook Pro 14 M3 8GB - 1TB | Chính hãng Apple Việt Nam','Macbook Pro 14 M3',49990000,'https://drive.google.com/uc?id=14ADsp1MVgyuDN9iUJ1hABCIzvnwD-gBs&export=view',99,'2023-12-01 00:47:58','2023-12-20 02:35:18','Macbook Pro M3 Pro bản 14 inch 18GB/512GB có khả năng lý đồ họa chuyên sâu, kết cấu 3D một cách ổn định và mượt mà. Bên cạnh đó, sản phẩm có chất lượng hiển thị rất sắc nét, và tần số quét lên tới 120Hz, giúp người dùng làm việc hiệu quả, nhanh chóng.',4,47990000,'AVAILABLE',2,1,2),(39,'MacBook Air 15 inch M2 2023 16GB 256GB | Chính hãng Apple Việt Nam','MacBook Air 15 inch M2 2023',40990000,'https://drive.google.com/uc?id=1LaD0qDoU9OyGUBSz3OQ2k3EHFPWaVp7N&export=view',99,'2023-12-01 00:47:58','2023-12-20 02:27:02','Macbook Air 15 bản 14 inch 18GB/512GB có khả năng lý đồ họa chuyên sâu, kết cấu 3D một cách ổn định và mượt mà. Bên cạnh đó, sản phẩm có chất lượng hiển thị rất sắc nét, và tần số quét lên tới 120Hz, giúp người dùng làm việc hiệu quả, nhanh chóng.',8,37790000,'AVAILABLE',2,1,2),(40,'Apple MacBook Air M1 256GB 2020 I Chính hãng Apple Việt Nam','Apple MacBook Air M1 2020',19990000,'https://drive.google.com/uc?id=1DJCPekQ1zFzzlMWV_ZBbigkjLGCbLXVN&export=view',-2,'2023-12-01 00:47:58','2023-12-20 02:27:02','Macbook Air M1 là dòng sản phẩm có thiết kế mỏng nhẹ, sang trọng và tinh tế cùng với đó là giá thành phải chăng nên MacBook Air đã thu hút được đông đảo người dùng yêu thích và lựa chọn. Đây cũng là một trong những phiên bản Macbook Air mới nhất mà khách ',0,0,'OUT_OF_STOCK',2,1,2),(41,'Laptop Asus Vivobook GO 15 E1504FA-NJ454W R5-7520U/16GB/512GB PCIE/15.6 FHD/WIN11/BẠC','Laptop Asus Vivobook GO 15',12490000,'https://drive.google.com/uc?id=1qb62eAnmVBm9E-LtRtVKvSqrikSCDiYm&export=view',100,'2023-12-01 00:47:58','2023-12-20 00:20:49','Laptop Asus Vivobook Go 15 E1504FA-NJ454W được hoàn thiện với phần vỏ cứng cáp từ vật liệu cao cấp cùng màn hình FHD rộng 15.6 inch, chuẩn tỉ lệ 16:9. Máy sở hữu con chip Ryzen 5 7520U 4 lõi, 8 luồng cho xung nhịp tối đa lên tới 4.3GHz. Cùng với đó là RAM',7,11690000,'AVAILABLE',2,6,6),(42,'Laptop Asus ZenBook 14 OLED UX3402VA-KM085W i5-1340P/16GB/512GB PCIE/14.0 WQXGA+/WIN11/XANH/TÚI','Laptop ASUS ZenBook',19490000,'https://drive.google.com/uc?id=1w0mKOy2E3b4knoHU6PQ4XyDRbJ_CRbzM&export=view',99,'2023-12-01 00:47:58','2023-12-20 02:27:23','Asus Zenbook UP5401ZA-KN005W là sản phẩm thuộc dòng Asus ZenBook với thiết kế mỏng nhẹ cùng hiệu năng mạnh mẽ. Laptop Asus Zenbook UP5401ZA-KN005W hứa hẹn mang lại trải nghiệm dùng mượt mà với hiệu năng vượt trội, cấu hình cao cấp.',7,18190000,'AVAILABLE',2,6,6),(43,'Laptop Asus ROG Strix G16 G614JU-N3135W i5-13450HX/8GB/512GB PCIE/VGA 6GB RTX4050/16.0 FHD 165HZ/WIN11/XÁM','Laptop Asus ROG Strix G16',37490000,'https://drive.google.com/uc?id=1VqVNAWkKjwraONWPBzh7W0zRDN3SGbiu&export=view',100,'2023-12-01 00:47:58','2023-12-20 00:21:48','Laptop Asus Rog Strix G16 G614JU-N3777W là chiếc laptop gaming thế hệ mới nhất sử dụng màn hình với tỷ lệ 16:10, với màu sắc hình ảnh nổi bật và sức mạnh tiềm lực lớn. Sản phẩm được chế tác để phục vụ cho dân chơi game, đảm bảo được độ phong phú và sự sốn',7,34890000,'AVAILABLE',2,6,6),(44,'Macbook Pro 16 inch M1 Max 10 CPU - 32 GPU 32GB 1TB 2021 | Chính hãng Apple Việt Nam','Macbook Pro 16 inch M1 Max 10',69990000,'https://drive.google.com/uc?id=1aN98Wh43Wd0uHGwzJMRHEFAXI_iFTVwh&export=view',100,'2023-12-01 00:47:58','2023-12-20 00:22:23','Không chỉ là điểm nhận biết trên các thiết bị smartphone, hiện nay tai thỏ đã xuất hiện trên thế hệ Macbook mới nhất. Macbook Pro 16 M1 Max với thiết kế độc đáo, màn hình chất lượng mang lại trải nghiệm vượt  trội. Máy tính Macbook Pro 16 inch 2021 được t',7,65090000,'AVAILABLE',2,1,2),(45,'iMac M3 24 inch 8GB 256GB 8GPU | Chính hãng Apple Việt Nam','iMac M3 24 inch',46990000,'https://drive.google.com/uc?id=1L73qmpfWFruLHHtJdGsrRSapnZgCjQpc&export=view',100,'2023-12-01 00:47:58','2023-12-20 00:22:37','iMac M3 2023 24 inch 8GB/512GB trang bị con chip Apple M3, cùng với CPU 8 lõi và GPU 10 lõi, đi kèm với Neural Engine 16 lõi, tốc độ xử lý cực kỳ mượt mà. Đặc biệt, màn hình iMac có độ phân giải 4480 x 2520 pixel, hỗ trợ 1 tỷ màu, độ sáng 500 nits. ',9,43290000,'AVAILABLE',2,1,2),(46,'Laptop Lenovo Ideapad Slim 5 14IAH8 83BF002NVN i5-12450H/16GB/512GB PCIE/14.0 WUXGA/WIN11/XÁM','Laptop Lenovo Ideapad Slim 5',14990000,'https://drive.google.com/uc?id=1gsJbdJiaMUk1td1AQ-G3e-vONEs1rfTL&export=view',100,'2023-12-01 00:47:58','2023-12-20 00:23:08','Laptop Lenovo Ideapad Slim 5 14IAH8 83BF002NVN là một lựa chọn đáng cân nhắc trong phân khúc tầm trung. Với thiết kế hiện đại, mỏng nhẹ cùng bộ nhớ ấn tượng, sản phẩm laptop Lenovo Ideapad hứa hẹn sẽ khiến người dùng hài lòng.',9,13690000,'AVAILABLE',2,7,4),(47,'Laptop Lenovo Ideapad Gaming 3 15ARH7 82SB00BBVN R5-6600H/16GB/512GB PCIE/VGA 4GB RTX3050/15.6 FHD 120HZ/WIN11/XÁM','Laptop Lenovo IdeaPad Gaming 3',15990000,'https://drive.google.com/uc?id=1dAo5mDqzqPCJEa7kYdhEGD0daWIZMhmf&export=view',100,'2023-12-01 00:47:58','2023-12-20 00:23:28','Laptop Lenovo Ideapad Gaming 3 15ACH6 82K2027QVN cho phép bạn thưởng thức những giây phút giải trí hay làm việc một cách hiệu quả. Với những ưu điểm nổi bật, chiếc laptop Lenovo Gaming này hứa hẹn sẽ giúp người dùng tối ưu năng suất trong quá trình sử dụn',9,14590000,'AVAILABLE',2,7,4),(48,'Laptop Lenovo Yoga Slim 7 14ACN6 82N7008VVN R7-5800U/8GB/512GB PCIE/14.0 FHD/CẢM ỨNG/WIN11/XÁM/BÚT 82N7008VVN','Laptop Lenovo Yoga Slim 7',15990000,'https://drive.google.com/uc?id=1BTZ5CW9WT489SnA_IVVdsd3-GGJuhoaE&export=view',100,'2023-12-01 00:47:58','2023-12-20 00:23:44','Laptop Lenovo Yoga Slim 7 14ACN6 82N7008VVN có thiết kế thông minh và hiệu năng đáp ứng yêu cầu làm việc cường độ cao. Chiếc laptop Lenovo Yoga còn sở hữu nhiều tính năng cải tiến. Đoạn mô tả dưới đây sẽ cho bạn biết cụ thể bạn sẽ có gì khi mua chiếc lapt',9,14590000,'AVAILABLE',2,7,4),(49,'Laptop Lenovo Ideapad 3 15IAU7 82RK001GVN i3-1215U/8GB/512GB PCIE/15.6 FHD/WIN11/XANH','Laptop Lenovo Ideapad 3',8990000,'https://drive.google.com/uc?id=1joQXxICZPvuVUZlyeHgXk2vndOxqDIBZ&export=view',100,'2023-12-01 00:47:58','2023-12-20 00:24:06','Với các bạn học sinh, sinh viên cũng như người làm văn phòng đang tìm mua một chiếc máy tính xách tay gọn nhẹ, laptop Lenovo IdeaPad 3 15IAU7 82RK001GVN chính là lựa chọn tuyệt vời nhờ cấu hình mạnh mẽ, bộ nhớ lưu trữ lớn cu',2,8890000,'AVAILABLE',2,7,4),(50,'Laptop Lenovo Gaming Legion 5 15ARH7 82RE0035VN - Đã Kích Hoạt R7-6800H/8GB/512GB PCIE/15.6 FHD 165HZ/VGA 4GB RTX3050/WIN11/XÁM','Laptop Lenovo Gaming Legion 5',25990000,'https://drive.google.com/uc?id=1lrDyiezzwETRPQ2rg1yrZ52jUCbSKm2s&export=view',100,'2023-12-01 00:47:58','2023-12-20 00:24:23','Laptop Lenovo Gaming Legion 5 15ARH7 82RE0035VN là thiết bị sẵn sàng phục vụ mọi nhu cầu với những trang bị xuất sắc.Thỏa sức làm việc và giải trí cực đã suốt ngày dài, dòng laptop Lenovo Gaming hứa hẹn sẽ mang đến cho bạn nhiều trải nghiệm thú vị.',0,0,'DISCONTINUED',2,7,4),(51,'iPad Pro 11 inch 2022 M2 Wifi 128GB I Chính hãng Apple Việt Nam','iPad Pro 11 inch 2022 M2 Wifi 128GB',19990000,'https://drive.google.com/uc?id=1JZHrfydIII9972p8w3m-EZV1trHbjX19&export=view',97,'2023-12-01 00:47:58','2023-12-20 02:36:10','Thiết kế của mặt sau iPad và các chi tiết khác được làm từ chất liệu cao cấp. Bên cạnh đó, cụm camera và cảm biến Lidar được đặt nhau. Các thao tác sử dụng như dùng Apple Pencil vẽ, sáng tạo dễ dàng hơn với chế độ ngang và khi dùng với Magic Keyboard.',3,19390000,'AVAILABLE',3,1,2),(52,'Samsung Galaxy Tab S9 FE 5G 6GB 128GB','Samsung Galaxy Tab S9 FE 5G 6GB 128GB',10990000,'https://drive.google.com/uc?id=1SYhLClTn50FRTk17Dx2EJVhOabsELaHU&export=view',94,'2023-12-01 00:47:58','2023-12-20 02:36:10','Máy tính bảng Samsung Galaxy Tab S9 FE được trang bị màn hình 10.9 inch với tấm nền LCD cùng tần số quét 90Hz giúp mang lại trải nghiệm hiển thị sống động. Máy được trang bị chuẩn kháng nước và bụi bẩn IP68 cùng với dung lượng pin tới 8000 mAh. Cấu hình m',3,10690000,'AVAILABLE',3,2,3),(53,'iPad mini 6 WiFi 64GB | Chính hãng Apple Việt Nam','iPad mini 6 WiFi',11990000,'https://drive.google.com/uc?id=15DsaCzvtD5J6kaeWKTsGmZgTt2soCeaY&export=view',98,'2023-12-01 00:47:58','2023-12-20 02:34:45','Với sự thành công của các thế hệ iPad mini trước iPad mini 6 là sản phẩm kế nhiệm mới với nhiều tính năng hiện kèm nhiều sự nâng cấp đáng chú ý dành cho người dùng trong năm nay. Nếu bạn đang có nhu cầu mua cho mình một chiếc máy tính bảng iPad để phục vụ',3,11690000,'AVAILABLE',3,1,2),(54,'Xiaomi Pad 6 8GB 128GB','Xiaomi Pad 6 8GB 128GB',8490000,'https://drive.google.com/uc?id=1ZpWNLz6mOoxaHynfAOkMb8grHXreBuqM&export=view',98,'2023-12-01 00:47:58','2023-12-20 02:29:09','Máy tính bảng Xiaomi Pad 6 được trang bị cấu hình vượt trội với con chip Snapdragon® 870 cùng bộ nhớ RAM LPDDR5 dung lượng từ 8GB, bộ nhớ lưu trữ UFS 3.1 128GB. Bên cạnh đó, sản phẩm máy tính bảng Xiaomi này còn sở hữu viên pin 8840mAh cho thời gian sử dụ',3,8290000,'AVAILABLE',3,3,4),(55,'Xiaomi Pad 5 (6GB/256GB)','Xiaomi Pad 5 (6GB/256GB)',7490000,'https://drive.google.com/uc?id=1FjCNkgYtDgRifnEl2tePakYc7oxKSSA7&export=view',98,'2023-12-01 00:47:58','2023-12-20 02:29:09','Xiaomi Pad 5 (6GB/256GB)',3,7290000,'AVAILABLE',3,3,4);
/*!40000 ALTER TABLE `products` ENABLE KEYS */;
UNLOCK TABLES;

--
-- Table structure for table `rating_products`
--

DROP TABLE IF EXISTS `rating_products`;
/*!40101 SET @saved_cs_client     = @@character_set_client */;
/*!50503 SET character_set_client = utf8mb4 */;
CREATE TABLE `rating_products` (
  `id` int NOT NULL AUTO_INCREMENT,
  `name_customer` varchar(255) DEFAULT NULL,
  `rating` int DEFAULT NULL,
  `create_date` datetime DEFAULT NULL,
  `update_date` datetime DEFAULT NULL,
  `customer_id` int DEFAULT NULL,
  `product_id` int DEFAULT NULL,
  PRIMARY KEY (`id`),
  KEY `customer_id` (`customer_id`),
  KEY `product_id` (`product_id`),
  CONSTRAINT `rating_products_ibfk_1` FOREIGN KEY (`customer_id`) REFERENCES `customers` (`id`),
  CONSTRAINT `rating_products_ibfk_2` FOREIGN KEY (`product_id`) REFERENCES `products` (`id`)
) ENGINE=InnoDB AUTO_INCREMENT=217 DEFAULT CHARSET=utf8mb4 COLLATE=utf8mb4_0900_ai_ci;
/*!40101 SET character_set_client = @saved_cs_client */;

--
-- Dumping data for table `rating_products`
--

LOCK TABLES `rating_products` WRITE;
/*!40000 ALTER TABLE `rating_products` DISABLE KEYS */;
INSERT INTO `rating_products` VALUES (207,'Hao',1,NULL,NULL,NULL,NULL),(209,'Hao',1,NULL,NULL,NULL,1),(211,'Hao',5,'2022-02-02 07:00:00','2022-02-02 07:00:00',32,1),(212,'Hao',4,'2022-02-02 07:00:00','2022-02-02 07:00:00',50,1),(213,'Hao',1,'2022-02-02 07:00:00','2022-02-02 07:00:00',50,1),(214,NULL,3,'2023-12-20 04:12:14','2023-12-20 04:12:14',56,3),(215,'VũMinh Long',5,'2023-12-20 04:19:43','2023-12-20 04:19:43',56,6),(216,'Admin App',4,'2023-12-20 04:22:37','2023-12-20 04:22:37',31,7);
/*!40000 ALTER TABLE `rating_products` ENABLE KEYS */;
UNLOCK TABLES;

--
-- Table structure for table `roles`
--

DROP TABLE IF EXISTS `roles`;
/*!40101 SET @saved_cs_client     = @@character_set_client */;
/*!50503 SET character_set_client = utf8mb4 */;
CREATE TABLE `roles` (
  `id` int NOT NULL AUTO_INCREMENT,
  `name` varchar(255) DEFAULT NULL,
  PRIMARY KEY (`id`)
) ENGINE=InnoDB AUTO_INCREMENT=4 DEFAULT CHARSET=utf8mb4 COLLATE=utf8mb4_0900_ai_ci;
/*!40101 SET character_set_client = @saved_cs_client */;

--
-- Dumping data for table `roles`
--

LOCK TABLES `roles` WRITE;
/*!40000 ALTER TABLE `roles` DISABLE KEYS */;
INSERT INTO `roles` VALUES (1,'ADMIN'),(2,'MANAGER'),(3,'CUSTOMER');
/*!40000 ALTER TABLE `roles` ENABLE KEYS */;
UNLOCK TABLES;

--
-- Table structure for table `socialaccounts`
--

DROP TABLE IF EXISTS `socialaccounts`;
/*!40101 SET @saved_cs_client     = @@character_set_client */;
/*!50503 SET character_set_client = utf8mb4 */;
CREATE TABLE `socialaccounts` (
  `id` int NOT NULL AUTO_INCREMENT,
  `name` varchar(255) DEFAULT NULL,
  `email` varchar(255) DEFAULT NULL,
  `customer_id` int DEFAULT NULL,
  PRIMARY KEY (`id`),
  KEY `customer_id` (`customer_id`),
  CONSTRAINT `socialaccounts_ibfk_1` FOREIGN KEY (`customer_id`) REFERENCES `customers` (`id`)
) ENGINE=InnoDB DEFAULT CHARSET=utf8mb4 COLLATE=utf8mb4_0900_ai_ci;
/*!40101 SET character_set_client = @saved_cs_client */;

--
-- Dumping data for table `socialaccounts`
--

LOCK TABLES `socialaccounts` WRITE;
/*!40000 ALTER TABLE `socialaccounts` DISABLE KEYS */;
/*!40000 ALTER TABLE `socialaccounts` ENABLE KEYS */;
UNLOCK TABLES;

--
-- Table structure for table `specifications`
--

DROP TABLE IF EXISTS `specifications`;
/*!40101 SET @saved_cs_client     = @@character_set_client */;
/*!50503 SET character_set_client = utf8mb4 */;
CREATE TABLE `specifications` (
  `id` int NOT NULL AUTO_INCREMENT,
  `processor` varchar(255) DEFAULT NULL,
  `graphics_card` varchar(255) DEFAULT NULL,
  `ram` varchar(255) DEFAULT NULL,
  `storage` varchar(255) DEFAULT NULL,
  `display` varchar(255) DEFAULT NULL,
  `operating_system` varchar(255) DEFAULT NULL,
  `camera` varchar(255) DEFAULT NULL,
  `product_id` int DEFAULT NULL,
  PRIMARY KEY (`id`),
  KEY `product_id` (`product_id`),
  CONSTRAINT `specifications_ibfk_1` FOREIGN KEY (`product_id`) REFERENCES `products` (`id`)
) ENGINE=InnoDB AUTO_INCREMENT=56 DEFAULT CHARSET=utf8mb4 COLLATE=utf8mb4_0900_ai_ci;
/*!40101 SET character_set_client = @saved_cs_client */;

--
-- Dumping data for table `specifications`
--

LOCK TABLES `specifications` WRITE;
/*!40000 ALTER TABLE `specifications` DISABLE KEYS */;
INSERT INTO `specifications` VALUES (1,'A17 Pro','GPU 6 nhân mới','8 GB','256 GB','Super Retina XDR OLED','iOS 17','Camera trước: 12MP, Camera sau: 48MP',1),(2,'A17 Pro','GPU 6 nhân mới','8 GB','256 GB','Super Retina XDR OLED','iOS 17','Camera trước: 12MP, Camera sau:48MP',2),(3,'A17 Pro','GPU 6 nhân mới','8 GB','1 TB','Super Retina XDR OLED','iOS 17','Camera trước: 12MP, Camera sau:48MP',3),(4,'A17 Pro','GPU 6 nhân mới','8 GB','1 TB','Super Retina XDR OLED','iOS 17','Camera trước: 12MP, Camera sau:48MP',4),(5,'A17 Pro','GPU 6 nhân mới','6 GB','256 GB','Super Retina XDR OLED','iOS 17','Camera trước: 12MP, Camera sau:48MP',5),(6,'A17 Pro','GPU 6 nhân mới','6 GB','1 TB','Super Retina XDR OLED','iOS 17','Camera trước: 12MP, Camera sau:48MP',6),(7,'A17 Pro','GPU 6 nhân mới','6 GB','256 GB','Super Retina XDR OLED','iOS 17','Camera trước: 12MP, Camera sau:48MP',7),(8,'A17 Pro','GPU 6 nhân mới','6 GB','1 TB','Super Retina XDR OLED','iOS 17','Camera trước: 12MP, Camera sau:48MP',8),(9,'Apple A16 Bionic 6 nhân','Apple GPU 5 nhân','6 GB','256 GB','Apple A16 Bionic 6 nhân','iOS 16','Camera trước: 12MP, Camera sau:48MP',9),(10,'Apple A16 Bionic 6 nhân','Apple GPU 5 nhân','6 GB','1 TB','Apple A16 Bionic 6 nhân','iOS 16','Camera trước: 12MP, Camera sau:48MP',10),(11,'Snapdragon 8 Gen 2 (4 nm)','Adreno 740','8 GB','256 GB','Dynamic AMOLED 2X','Android 13','Camera trước: 12MP F2.2 (Dual Pixel AF), Camera sau:200MP F1.7 OIS ±3° (Super Quad Pixel AF)',11),(12,'Snapdragon 8 Gen 2 (4 nm)','Adreno 740','12 GB','1TB','Dynamic AMOLED 2X','Android 13','Camera trước: 12MP F2.2 (Dual Pixel AF), Camera sau:200MP F1.7 OIS ±3° (Super Quad Pixel AF)',12),(13,'Snapdragon 8 Gen 2 for Galaxy','Adreno 740','8 GB','512 GB','Dynamic AMOLED 2X','Android 13','Camera trước: 10MP, F2.4, 1.22μm, Camera sau:12MP, F1.8, Dual Pixel, 1.8μm, OIS',13),(14,'Snapdragon 8 Gen 2 for Galaxy (4nm) 8 nhân','Adreno 740','12 GB','256 GB','Dynamic AMOLED 2X','Android 13, One UI 5.1','Camera trước: 10 MP, f/2.2, Camera sau:50MP, F1.8, Dual Pixel AF, OIS, 2.0μm',14),(15,'Exynos 1330 (5nm)','Mali-G68 MP2','4 GB','128 GB','PLS LCD','Android 13','Camera trước: 13 MP, f/2.0, Camera sau: 50MP, f/1.8, PDAF',15),(16,'Exynos 1380 (5 nm)','Mali-G68 MP5','8 GB','128 GB','Super AMOLED','Android 13','Camera trước:  32 MP, f/2.2, 26mm, 1/2.8\", 0.8µm, Camera sau:50 MP, f/1.8, PDAF, OIS',16),(17,'Dimensity 1080 (5 nm)','Mali-G68 MC4','8 GB','128 GB','Super AMOLED','Android 13','Camera trước: 13MP, f/2.2, 1/3.1\", 1.12µm, Camera sau:48MP, f/1.8, 26mm , 1/2.0\", 0.8µm, PDAF, OIS',17),(18,'Snapdragon 680','Mali-G68 MC4','4 GB','128 GB','IPS LCD','Android 13','Camera trước: 13 MP, Camera sau:50 MP',18),(19,'Snapdragon 695 5G (6 nm)','Adreno 619','4 GB','128 GB','IPS LCD','Android 13','Camera trước: 8 MP, f/2.2, Camera sau:50 MP, f/1.8, PDAF, OIS',19),(20,'Exynos 2100 (5nm)','Mali-G78 MP14','8 GB','128 GB','Dynamic AMOLED 2X','Android 12','Camera trước: 32 MP, f/2.2, Camera sau:12 MP, f/1.8, PDAF, OIS',20),(21,'Qualcomm Snapdragon 685','Adreno 610','8 GB','128 GB','AMOLED','Android 12','Camera trước: 13MP, f/2.45, Camera sau:50MP, f/1.8',21),(22,'Dimensity 9200+','Arm Immortalis-G715','12 GB','512 GB','OLED','Android 13','Camera trước: 20 MP, Camera sau:50 MP, 1/1.22',22),(23,'MediaTek Dimensity 1080 8 nhân','Mali-G68 MC4','8 GB','256 GB','AMOLED','Android 12','Camera trước: 16 MP, Camera sau:50MP',23),(24,'Snapdragon 695 5G (6 nm)','Adreno 619','6 GB','128 GB','AMOLED','MIUI 13 (Android 12)','Camera trước: 13MP, f/2.5, Camera sau:48MP, f/1.8, PDAF',24),(25,'Chip Snapdragon 7 Gen 1 (4 nm)','GPU Adreno 662','8 GB','256 GB','AMOLED','Android 12, MIUI 14','Camera trước: 32 MP, f/2.4, Camera sau:50 MP, f/1.8, PDAF',25),(26,'MediaTek Dimensity 7050','ARM Mail-G68 MC4','8 GB','256 GB','AMOLED','Android 13','Camera trước: 32 MP, f/2.4, Camera sau:64MP; f/1.7, PDAF',26),(27,'Snapdragon 8 Gen 2 8 nhân','Adreno 740','16 GB','512 GB','OLED','Android 13','Camera trước: 20MP, f/2.2, Camera sau:48MP, f/1.7, OIS',27),(28,'MediaTek 9000+ (4nm)','Mali-G710 MC10','8 GB','256 GB','AMOLED','Android 13','Camera trước: 32MP, f/2.4, 22mm, AF, Camera sau:50MP, f/1.8, 23mm, PDAF',28),(29,'Helio G99, tối đa 2.2GHz','Mali-G57 MC2@1.0GHz','4 GB','256 GB','AMOLED','ColorOS 13, nền tảng Android 13','Camera trước: 32MP, Camera sau:100MP (Chính) + 2MP (Kính hiển vi) + 2MP (Mono)',29),(30,'Snapdragon 680 4G','Adreno 610','8 GB','128 GB','IPS LCD','Android 12','Camera trước: 8 MP, f/2.0, Camera sau:50 MP, f/1.8, PDAF',30),(31,'AMD Ryzen 5','AMD Radeon RX 6550M, 16 GB','8 GB','512 GB','144 Hz','Window 11 Home','HD webcam',31),(32,'Intel Core i5-12450H','NVIDIA GeForce RTX 2050 4GB GDDR6','8 GB','512 GB','144 Hz','Windows 11 Home','HD webcam',32),(33,'Core i3-1115G4','Intel UHD Graphics','8 GB','512 GB','60 Hz','Windows 11 Home','HD type (30fps@720p)',33),(34,'Intel Core i7-13620H (3.6GHz~4.9GHz, 10 lõi / 16 luồng)','NVIDIA GeForce RTX 4060, GDDR6 8GB','16 GB','1 TB','144Hz','Windows 11 Home','HD type (30fps@720p)',34),(35,'i5-12450H (12MB Cache, up to 4.4 GHz, 12 lõi / luồng)','NVIDIA GeForce RTX 2050 4GB','8 GB','512 GB','144 Hz','Windows 11 Home','HD type (30fps720p)',35),(36,'AMD Ryzen 5 7520U (4MB cache, up to 4.3 GHz, 4 lõi/8 luồng)','AMD Radeon Graphics','16 GB','512 GB','60 Hz','Windows 11 Home','720p HD với màn trập camera',36),(37,'Intel Core i5-11400H (12MB Cache, up to 4.6GHz, 6 lõi / 12 luồng)','NVIDIA GeForce RTX 2050 4GB','8 GB','512 GB','144 Hz','Windows 11 Home','720p HD với màn trập camera',37),(38,'Apple M3 8 nhân','10 nhân Neural Engine 16 nhân','8 GB','1 TB','120 Hz','macOS ','HD 1080p',38),(39,'Apple M2 (8 nhân, 100 GB/s memory bandwidth)','Card tích hợp - 10 nhân GPU','16 GB','256 GB','15.3 inch Liquid Retina display with IPS  (2880 x 1864), 500 nits, True Tone','macOS ','1080p FaceTime HD camera',39),(40,'8 nhân với 4 nhân hiệu năng cao và 4 nhân tiết kiệm điện','GPU 7 nhân, 16 nhân Neural Engine','8 GB','256 GB','Độ sáng 400 nits, Hỗ trợ dải màu P3, True-Tone','macOS','720p FaceTime Camera',40),(41,'AMD Ryzen 5 7520U (4 lõi / 8 luồng, 4MB cache, up to 4.3 GHz max boost)','AMD Radeon Graphics','16 GB','512 GB','60 Hz','Windows 11 Home','720p HD với màn trập camera',41),(42,'Intel Core i5-12500H','Intel Iris Xe Graphics','8 GB','512 GB','90 Hz','Windows 11 Home SL','HD 720p',42),(43,'Intel Core i7-13650HX Gen 13 (2.6 GHz, 24M Cache, up to 4.9 GHz, 14 lõi: 6 P / 8 E)','NVIDIA GeForce RTX 4050 6GB GDDR6','16 GB','512 GB','165 Hz','MacOS','720P HD camera',43),(44,'Apple M1 Max 10 CPU','32 GPU','32 GB','1 TB','120Hz','MacOS','1080p FaceTime HD camera',44),(45,'Apple M3 8 lõi với 4 lõi hiệu năng và 4 lõi tiết kiệm điện, Neural Engine 16 lõi','GPU 10 lõi','8 GB','512 GB','Retina 4,5K 24 inch, Độ phân giải 4480x2520','MacOS','1080p',45),(46,'Intel Core i5-12450H (8 lõi: (4P + 4E) / 12 luồng: P-core 2.0 / 4.4GHz, E-core 1.5 / 3.3GHz, 12MB)','Intel UHD Graphics','16 GB','512 GB','60 Hz','Windows 11 Home','FHD 1080p với màn trập camera',46),(47,'AMD Ryzen 5 5500H (6 lõi / 12 luồng, 3.6 / 4.2GHz, 3MB L2 / 16MB L3)','NVIDIA GeForce RTX 2050 4GB GDDR6','8 GB','512 GB','144 Hz','Windows 11 Home','HD 720p với màn trập camera',47),(48,'AMD Ryzen 7 5800U (8C / 16T, 1.9 / 4.4GHz, 4MB L2 / 16MB L3)','AMD Radeon tích hợp','8 GB','512 GB','60 Hz','Windows 11 Home','HD 720p với màn trập camera',48),(49,'Intel Core i3-1215U','Intel UHD Graphics','8 GB','512 GB','60 Hz','Windows 11','HD 720p',49),(50,'AMD Ryzen 7 6800H (8 lõi / 16 luồng, 3.2 / 4.7GHz, 4MB L2 / 16MB L3)','NVIDIA GeForce RTX 3050 4GB GDDR6, xung nhịp 1740MHz, TGP 95W','8 GB','512 GB','165 Hz','Windows 11 Home 64 Single Language','FHD 1080p với màn trập E-shutter',50),(51,'Apple M2','Apple GPU 10 nhân','8 GB','128 GB','IPS LCD','iPadOS 16','Camera trước: 12MP, 122°, ƒ/2.4 , Camera sau:12MP, ƒ/1.8',51),(52,'Exynos 1380','8 nhân','6 GB','128 GB','IPS LCD','Android 13','Camera trước: 12 MP (góc siêu rộng), Camera sau:8 MP',52),(53,'Apple A15 Bionic 6 nhân','Apple GPU 5 nhân','4 GB','64 GB','IPS LCD','iPadOS','Camera trước: 12MP góc rộng, Camera sau:12MP khẩu độ f/1.8',53),(54,'Qualcomm Snapdragon 870 5G (7 nm)','Adreno 650','6 GB','128 GB','IPS LCD','Android 13','Camera trước: 8 MP, f/2.0, Camera sau:13 MP, f/2.0',54),(55,'Qualcomm Snapdragon 860 (7 nm)','Adreno 640','6 GB','256 GB','IPS LCD','Android 11','Camera trước: 8 MP, f/2.0, Camera sau:13 MP, f/2.0',55);
/*!40000 ALTER TABLE `specifications` ENABLE KEYS */;
UNLOCK TABLES;

--
-- Table structure for table `tokens`
--

DROP TABLE IF EXISTS `tokens`;
/*!40101 SET @saved_cs_client     = @@character_set_client */;
/*!50503 SET character_set_client = utf8mb4 */;
CREATE TABLE `tokens` (
  `id` int NOT NULL AUTO_INCREMENT,
  `token` varchar(255) DEFAULT NULL,
  `image_url` varchar(255) DEFAULT NULL,
  `exp_date` datetime DEFAULT NULL,
  `customer_id` int DEFAULT NULL,
  PRIMARY KEY (`id`),
  KEY `customer_id` (`customer_id`),
  CONSTRAINT `tokens_ibfk_1` FOREIGN KEY (`customer_id`) REFERENCES `customers` (`id`)
) ENGINE=InnoDB DEFAULT CHARSET=utf8mb4 COLLATE=utf8mb4_0900_ai_ci;
/*!40101 SET character_set_client = @saved_cs_client */;

--
-- Dumping data for table `tokens`
--

LOCK TABLES `tokens` WRITE;
/*!40000 ALTER TABLE `tokens` DISABLE KEYS */;
/*!40000 ALTER TABLE `tokens` ENABLE KEYS */;
UNLOCK TABLES;

--
-- Table structure for table `vouchers`
--

DROP TABLE IF EXISTS `vouchers`;
/*!40101 SET @saved_cs_client     = @@character_set_client */;
/*!50503 SET character_set_client = utf8mb4 */;
CREATE TABLE `vouchers` (
  `id` int NOT NULL AUTO_INCREMENT,
  `code_voucher` varchar(100) DEFAULT NULL,
  `value` double DEFAULT NULL,
  `status` enum('ACTIVE','INACTIVE','USED','EXPIRED') DEFAULT NULL,
  `expired_date` date DEFAULT NULL,
  `customer_id` int DEFAULT NULL,
  PRIMARY KEY (`id`)
) ENGINE=InnoDB AUTO_INCREMENT=6 DEFAULT CHARSET=utf8mb4 COLLATE=utf8mb4_0900_ai_ci;
/*!40101 SET character_set_client = @saved_cs_client */;

--
-- Dumping data for table `vouchers`
--

LOCK TABLES `vouchers` WRITE;
/*!40000 ALTER TABLE `vouchers` DISABLE KEYS */;
INSERT INTO `vouchers` VALUES (1,'Tang20KAD',20000,'ACTIVE','2023-12-25',1),(2,'TANG30L0PEXS',30000,'EXPIRED','2023-11-25',1),(4,'VIP20UXTS8M',20000,'USED','2023-12-23',0),(5,'KM30PJRYY1',30000,'ACTIVE','2023-12-30',32);
/*!40000 ALTER TABLE `vouchers` ENABLE KEYS */;
UNLOCK TABLES;
/*!40103 SET TIME_ZONE=@OLD_TIME_ZONE */;

/*!40101 SET SQL_MODE=@OLD_SQL_MODE */;
/*!40014 SET FOREIGN_KEY_CHECKS=@OLD_FOREIGN_KEY_CHECKS */;
/*!40014 SET UNIQUE_CHECKS=@OLD_UNIQUE_CHECKS */;
/*!40101 SET CHARACTER_SET_CLIENT=@OLD_CHARACTER_SET_CLIENT */;
/*!40101 SET CHARACTER_SET_RESULTS=@OLD_CHARACTER_SET_RESULTS */;
/*!40101 SET COLLATION_CONNECTION=@OLD_COLLATION_CONNECTION */;
/*!40111 SET SQL_NOTES=@OLD_SQL_NOTES */;

-- Dump completed on 2023-12-20  5:32:08
